link_post,legenda,data_postagem,curtidas,comentarios,usuario_do_post,usuarios_marcados,sentimento
https://www.instagram.com/p/DN8iUAdjjJe/,"Nosso estado conquistou a 2¬™ posi√ß√£o no ranking nacional de uso de Intelig√™ncia Artificial, segundo levantamento da GPTW. 

Mais de 63% das empresas piauienses j√° utilizam IA em suas atividades, consolidando o Piau√≠ como refer√™ncia em tecnologia e transforma√ß√£o digital no Brasil.

Esse avan√ßo √© fruto de investimentos em inova√ß√£o, capacita√ß√£o e no fortalecimento de um ecossistema que prepara empresas e trabalhadores para os desafios do futuro.

#InvesteNot√≠cias #Piau√≠Inovador #Transforma√ß√£oDigital",2025-08-29T16:37:05.000Z,173.0,4,investe.piaui,"[{'full_name': 'Sec. de IA, Economia Digital, Ci√™ncia, Tecnologia e Inova√ß√£o', 'id': '67089963957', 'is_private': False, 'is_verified': False, 'profile_pic_url': 'https://scontent-sea5-1.cdninstagram.com/v/t51.2885-19/465971814_1099705271539827_5999879887919060991_n.jpg?stp=dst-jpg_e0_s150x150_tt6&efg=eyJ2ZW5jb2RlX3RhZyI6InByb2ZpbGVfcGljLmRqYW5nby42ODQuYzIifQ&_nc_ht=scontent-sea5-1.cdninstagram.com&_nc_cat=103&_nc_oc=Q6cZ2QFo4pvtf7Er9DYyo1zHq3O7ODif8IM2osKO9uHZu_AaTzXfOdCVBRsZ4CD2x5zIfWM&_nc_ohc=EHUQphoa914Q7kNvwFBydL_&_nc_gid=lowzQOTrn-1DArc3bMf-fQ&edm=APGXKFABAAAA&ccb=7-5&ig_cache_key=GGYqxhtzWBEWLegDAP8XbSb42kNTbkULAAAB-ccb7-5&oh=00_AfaU738c8QejquSJf8gzmjZDJKA-mlcSbD7c0SBFJbiAvQ&oe=68BE0DF7&_nc_sid=a8b8e2', 'profile_pic_url_hd': None, 'username': 'sia.piaui'}]",Positivo
https://www.instagram.com/p/DN5I1RaDuQQ/,Convidamos todos os servidores estaduais e todo Teresina para conhecer nossa feira e aproveitar o melhor que o povo piauiense tem a mostrar!!!,2025-08-28T08:58:03.000Z,71.0,2,nossafeirinhathe,"[{'full_name': 'Secretaria dos Esportes do Piau√≠', 'id': '17900089707', 'is_private': False, 'is_verified': False, 'profile_pic_url': 'https://scontent-sea1-1.cdninstagram.com/v/t51.2885-19/489912691_4116432645243786_1878888706877504869_n.jpg?stp=dst-jpg_e0_s150x150_tt6&efg=eyJ2ZW5jb2RlX3RhZyI6InByb2ZpbGVfcGljLmRqYW5nby4zMjAuYzIifQ&_nc_ht=scontent-sea1-1.cdninstagram.com&_nc_cat=106&_nc_oc=Q6cZ2QFo4pvtf7Er9DYyo1zHq3O7ODif8IM2osKO9uHZu_AaTzXfOdCVBRsZ4CD2x5zIfWM&_nc_ohc=KR3fEDaQTMkQ7kNvwGhrEjA&_nc_gid=lowzQOTrn-1DArc3bMf-fQ&edm=APGXKFABAAAA&ccb=7-5&ig_cache_key=GHN5Mx2Kw4_p358OAGU97flSJxMabkULAAAB-ccb7-5&oh=00_Afafx5QyzxipPMdiYDxOhkkdD7PgkHRN36Cb7QHx-Z9B-g&oe=68BE063B&_nc_sid=a8b8e2', 'profile_pic_url_hd': None, 'username': 'esportes.pi'}, {'full_name': 'Sejus-PI', 'id': '1934950768', 'is_private': False, 'is_verified': False, 'profile_pic_url': 'https://scontent-sea1-1.cdninstagram.com/v/t51.2885-19/431553174_798011958881497_3156610918518908126_n.jpg?stp=dst-jpg_e0_s150x150_tt6&efg=eyJ2ZW5jb2RlX3RhZyI6InByb2ZpbGVfcGljLmRqYW5nby44MDAuYzIifQ&_nc_ht=scontent-sea1-1.cdninstagram.com&_nc_cat=101&_nc_oc=Q6cZ2QFo4pvtf7Er9DYyo1zHq3O7ODif8IM2osKO9uHZu_AaTzXfOdCVBRsZ4CD2x5zIfWM&_nc_ohc=2MJ4grAdmlEQ7kNvwECjx5x&_nc_gid=lowzQOTrn-1DArc3bMf-fQ&edm=APGXKFABAAAA&ccb=7-5&ig_cache_key=GJb6uBnZ7FWjydUCAN5kcOzniM4rbkULAAAB-ccb7-5&oh=00_AfbljmKj_VC_y8Y8T19eezI5xhV_ogkXphM0YO9vKG_EEw&oe=68BE16FE&_nc_sid=a8b8e2', 'profile_pic_url_hd': None, 'username': 'sejus_piaui'}, {'full_name': 'Empresa de Tecnologia da Informa√ß√£o do Estado do Piau√≠', 'id': '2224623352', 'is_private': False, 'is_verified': False, 'profile_pic_url': 'https://scontent-sea1-1.cdninstagram.com/v/t51.2885-19/539829566_18475500100079353_3721530724508928730_n.jpg?stp=dst-jpg_e0_s150x150_tt6&efg=eyJ2ZW5jb2RlX3RhZyI6InByb2ZpbGVfcGljLmRqYW5nby4xMDgwLmMyIn0&_nc_ht=scontent-sea1-1.cdninstagram.com&_nc_cat=101&_nc_oc=Q6cZ2QFo4pvtf7Er9DYyo1zHq3O7ODif8IM2osKO9uHZu_AaTzXfOdCVBRsZ4CD2x5zIfWM&_nc_ohc=dH-AWR3xFggQ7kNvwG1opFs&_nc_gid=lowzQOTrn-1DArc3bMf-fQ&edm=APGXKFABAAAA&ccb=7-5&ig_cache_key=GD4lLSD5ToOUXqNBANqKDvd5iKUzbmNDAQAB-ccb7-5&oh=00_AfbKyjDDOXzsdwQzZL2A0z6WWfWEwRjk3YDcUQHzoNZryQ&oe=68BE12CB&_nc_sid=a8b8e2', 'profile_pic_url_hd': None, 'username': 'etipi.pi'}, {'full_name': 'SetransPiau√≠', 'id': '2483409408', 'is_private': False, 'is_verified': False, 'profile_pic_url': 'https://scontent-sea5-1.cdninstagram.com/v/t51.2885-19/447836983_4079835005576878_9193010313855934100_n.jpg?stp=dst-jpg_e0_s150x150_tt6&efg=eyJ2ZW5jb2RlX3RhZyI6InByb2ZpbGVfcGljLmRqYW5nby44MDAuYzIifQ&_nc_ht=scontent-sea5-1.cdninstagram.com&_nc_cat=110&_nc_oc=Q6cZ2QFo4pvtf7Er9DYyo1zHq3O7ODif8IM2osKO9uHZu_AaTzXfOdCVBRsZ4CD2x5zIfWM&_nc_ohc=B8qDnkC2ZKkQ7kNvwH_Ey5s&_nc_gid=lowzQOTrn-1DArc3bMf-fQ&edm=APGXKFABAAAA&ccb=7-5&ig_cache_key=GDdzsRqu5j_cln4OAJSe4n0sIpR-bkULAAAB-ccb7-5&oh=00_AfZ7kfDyJm2HbBU8qkZMeVlaOdUiOUoOoGxKtm9rcOLpww&oe=68BE1645&_nc_sid=a8b8e2', 'profile_pic_url_hd': None, 'username': 'setranspiaui'}, {'full_name': 'Secretaria de Sa√∫de do Estado do Piau√≠', 'id': '298301855', 'is_private': False, 'is_verified': False, 'profile_pic_url': 'https://scontent-sea5-1.cdninstagram.com/v/t51.2885-19/446203148_385658147157897_6069895471233188226_n.jpg?stp=dst-jpg_e0_s150x150_tt6&efg=eyJ2ZW5jb2RlX3RhZyI6InByb2ZpbGVfcGljLmRqYW5nby4xMDgwLmMyIn0&_nc_ht=scontent-sea5-1.cdninstagram.com&_nc_cat=109&_nc_oc=Q6cZ2QFo4pvtf7Er9DYyo1zHq3O7ODif8IM2osKO9uHZu_AaTzXfOdCVBRsZ4CD2x5zIfWM&_nc_ohc=wYz7EaCo3T0Q7kNvwGNy3cE&_nc_gid=lowzQOTrn-1DArc3bMf-fQ&edm=APGXKFABAAAA&ccb=7-5&ig_cache_key=GAyFmBqJt90IwV4BAIJBm3rFmTxUbkULAAAB-ccb7-5&oh=00_AfbSmEeplZiwRvthHdEINs7scMimGufMvob_KEke_EfL7w&oe=68BDFE79&_nc_sid=a8b8e2', 'profile_pic_url_hd': None, 'username': 'saudegovpi'}, {'full_name': 'Samuel Nascimento', 'id': '4566675', 'is_private': False, 'is_verified': True, 'profile_pic_url': 'https://scontent-sea1-1.cdninstagram.com/v/t51.2885-19/474474677_624904160213620_8660986289870785842_n.jpg?stp=dst-jpg_e0_s150x150_tt6&efg=eyJ2ZW5jb2RlX3RhZyI6InByb2ZpbGVfcGljLmRqYW5nby4xMDgwLmMyIn0&_nc_ht=scontent-sea1-1.cdninstagram.com&_nc_cat=104&_nc_oc=Q6cZ2QFo4pvtf7Er9DYyo1zHq3O7ODif8IM2osKO9uHZu_AaTzXfOdCVBRsZ4CD2x5zIfWM&_nc_ohc=X2J7IE5Mlb0Q7kNvwFrO8Qt&_nc_gid=lowzQOTrn-1DArc3bMf-fQ&edm=APGXKFABAAAA&ccb=7-5&ig_cache_key=GLXoRxx0_nzWWDgCADLNRowkATJ4bkULAAAB-ccb7-5&oh=00_AfYh01q82dttgOxfMsg6d7e_tVldsKTvEoIGVBxgyoGplg&oe=68BE118C&_nc_sid=a8b8e2', 'profile_pic_url_hd': None, 'username': 'samuelpontespi'}, {'full_name': 'Secretaria da Infraestrutura do Piau√≠', 'id': '57278182842', 'is_private': False, 'is_verified': False, 'profile_pic_url': 'https://scontent-sea5-1.cdninstagram.com/v/t51.2885-19/514582934_17972851472910843_337723923941625180_n.jpg?stp=dst-jpg_e0_s150x150_tt6&efg=eyJ2ZW5jb2RlX3RhZyI6InByb2ZpbGVfcGljLmRqYW5nby4xMDgwLmMyIn0&_nc_ht=scontent-sea5-1.cdninstagram.com&_nc_cat=103&_nc_oc=Q6cZ2QFo4pvtf7Er9DYyo1zHq3O7ODif8IM2osKO9uHZu_AaTzXfOdCVBRsZ4CD2x5zIfWM&_nc_ohc=T2VPZ0l9WacQ7kNvwHhks7O&_nc_gid=lowzQOTrn-1DArc3bMf-fQ&edm=APGXKFABAAAA&ccb=7-5&ig_cache_key=GJbpqx77yaSTNto-AFwNsZYe1q8EbvEnAQAB-ccb7-5&oh=00_AfY7E21_RWY24QfysUSFWFPbNR3kvNQIFIds1NRY4szO3Q&oe=68BE2836&_nc_sid=a8b8e2', 'profile_pic_url_hd': None, 'username': 'seinfra.pi'}, {'full_name': 'Sec. de IA, Economia Digital, Ci√™ncia, Tecnologia e Inova√ß√£o', 'id': '67089963957', 'is_private': False, 'is_verified': False, 'profile_pic_url': 'https://scontent-sea5-1.cdninstagram.com/v/t51.2885-19/465971814_1099705271539827_5999879887919060991_n.jpg?stp=dst-jpg_e0_s150x150_tt6&efg=eyJ2ZW5jb2RlX3RhZyI6InByb2ZpbGVfcGljLmRqYW5nby42ODQuYzIifQ&_nc_ht=scontent-sea5-1.cdninstagram.com&_nc_cat=103&_nc_oc=Q6cZ2QFo4pvtf7Er9DYyo1zHq3O7ODif8IM2osKO9uHZu_AaTzXfOdCVBRsZ4CD2x5zIfWM&_nc_ohc=EHUQphoa914Q7kNvwFBydL_&_nc_gid=lowzQOTrn-1DArc3bMf-fQ&edm=APGXKFABAAAA&ccb=7-5&ig_cache_key=GGYqxhtzWBEWLegDAP8XbSb42kNTbkULAAAB-ccb7-5&oh=00_AfaU738c8QejquSJf8gzmjZDJKA-mlcSbD7c0SBFJbiAvQ&oe=68BE0DF7&_nc_sid=a8b8e2', 'profile_pic_url_hd': None, 'username': 'sia.piaui'}, {'full_name': 'Sead Piau√≠', 'id': '7480687368', 'is_private': False, 'is_verified': False, 'profile_pic_url': 'https://scontent-sea5-1.cdninstagram.com/v/t51.2885-19/442419276_1120606765812403_6780265994530713598_n.jpg?stp=dst-jpg_e0_s150x150_tt6&efg=eyJ2ZW5jb2RlX3RhZyI6InByb2ZpbGVfcGljLmRqYW5nby4xMDAwLmMyIn0&_nc_ht=scontent-sea5-1.cdninstagram.com&_nc_cat=107&_nc_oc=Q6cZ2QFo4pvtf7Er9DYyo1zHq3O7ODif8IM2osKO9uHZu_AaTzXfOdCVBRsZ4CD2x5zIfWM&_nc_ohc=punxIPPzXv0Q7kNvwFeuA95&_nc_gid=lowzQOTrn-1DArc3bMf-fQ&edm=APGXKFABAAAA&ccb=7-5&ig_cache_key=GEzIXhqzijWYL-sDAP7vqab-VxhebkULAAAB-ccb7-5&oh=00_AfbB1kR170HaHkD4SZ6EGd1O80vOOjdG5xkMLKIE0CpR2w&oe=68BE2B98&_nc_sid=a8b8e2', 'profile_pic_url_hd': None, 'username': 'sead.pi'}]",Positivo
https://www.instagram.com/p/DNy54zk2rzQ/,"‚ñ∂Ô∏è Start na Intelig√™ncia Artificial!

Nesta segunda-feira (25), iniciamos a 1¬™ turma do curso CapacitIA, que integra uma trilha de conhecimentos em IA oferecida pelo Governo do Estado, por meio da Secretaria de Intelig√™ncia Artificial (SIA).

A trilha √© composta por cinco forma√ß√µes: CapacitIA; Desvendando a Intelig√™ncia Artificial na Administra√ß√£o P√∫blica; IA Generativo da Microsoft ‚Äì Copilot; √âtica em IA e Intelig√™ncia Artificial Generativa: teoria e pr√°tica na produ√ß√£o de textos jur√≠dicos.

üåê A iniciativa visa implementar solu√ß√µes tecnol√≥gicas e de moderniza√ß√£o na institui√ß√£o, a fim de garantir melhorias na presta√ß√£o de servi√ßos √† popula√ß√£o.",2025-08-25T22:57:41.000Z,134.0,3,mppioficial,"[{'full_name': 'Fernanda Costa', 'id': '13074601', 'is_private': True, 'is_verified': False, 'profile_pic_url': 'https://scontent-sea5-1.cdninstagram.com/v/t51.2885-19/475407643_921266306865779_9115801595576427348_n.jpg?stp=dst-jpg_e0_s150x150_tt6&efg=eyJ2ZW5jb2RlX3RhZyI6InByb2ZpbGVfcGljLmRqYW5nby44NTYuYzIifQ&_nc_ht=scontent-sea5-1.cdninstagram.com&_nc_cat=111&_nc_oc=Q6cZ2QFo4pvtf7Er9DYyo1zHq3O7ODif8IM2osKO9uHZu_AaTzXfOdCVBRsZ4CD2x5zIfWM&_nc_ohc=ULUlrBG3w_cQ7kNvwHRQ4mo&_nc_gid=lowzQOTrn-1DArc3bMf-fQ&edm=APGXKFABAAAA&ccb=7-5&ig_cache_key=GBslVhxz2vYG40UDAFSjRetA1YF_bkULAAAB-ccb7-5&oh=00_AfaRfHoq4MjBdQOyGEadiVyLRGWlMb1m6pRwyxdYyPtImQ&oe=68BE1A7A&_nc_sid=a8b8e2', 'profile_pic_url_hd': None, 'username': 'fernandasmcosta'}, {'full_name': 'Sec. de IA, Economia Digital, Ci√™ncia, Tecnologia e Inova√ß√£o', 'id': '67089963957', 'is_private': False, 'is_verified': False, 'profile_pic_url': 'https://scontent-sea5-1.cdninstagram.com/v/t51.2885-19/465971814_1099705271539827_5999879887919060991_n.jpg?stp=dst-jpg_e0_s150x150_tt6&efg=eyJ2ZW5jb2RlX3RhZyI6InByb2ZpbGVfcGljLmRqYW5nby42ODQuYzIifQ&_nc_ht=scontent-sea5-1.cdninstagram.com&_nc_cat=103&_nc_oc=Q6cZ2QFo4pvtf7Er9DYyo1zHq3O7ODif8IM2osKO9uHZu_AaTzXfOdCVBRsZ4CD2x5zIfWM&_nc_ohc=EHUQphoa914Q7kNvwFBydL_&_nc_gid=lowzQOTrn-1DArc3bMf-fQ&edm=APGXKFABAAAA&ccb=7-5&ig_cache_key=GGYqxhtzWBEWLegDAP8XbSb42kNTbkULAAAB-ccb7-5&oh=00_AfaU738c8QejquSJf8gzmjZDJKA-mlcSbD7c0SBFJbiAvQ&oe=68BE0DF7&_nc_sid=a8b8e2', 'profile_pic_url_hd': None, 'username': 'sia.piaui'}, {'full_name': 'Cl√°udia Seabra', 'id': '710870164', 'is_private': False, 'is_verified': False, 'profile_pic_url': 'https://scontent-sea1-1.cdninstagram.com/v/t51.2885-19/436363881_307712495715042_6568946287675479975_n.jpg?stp=dst-jpg_e0_s150x150_tt6&efg=eyJ2ZW5jb2RlX3RhZyI6InByb2ZpbGVfcGljLmRqYW5nby4xMDgwLmMyIn0&_nc_ht=scontent-sea1-1.cdninstagram.com&_nc_cat=106&_nc_oc=Q6cZ2QFo4pvtf7Er9DYyo1zHq3O7ODif8IM2osKO9uHZu_AaTzXfOdCVBRsZ4CD2x5zIfWM&_nc_ohc=XicNVQWcHuoQ7kNvwHKJg0H&_nc_gid=lowzQOTrn-1DArc3bMf-fQ&edm=APGXKFABAAAA&ccb=7-5&ig_cache_key=GGliAhriAgDm3BcBAKeXhEnYlSlbbkULAAAB-ccb7-5&oh=00_AfaBRGjEu_ueaumaXbm-wNqfcaE9SEZOB2LxhFhy4JchVA&oe=68BE2AAA&_nc_sid=a8b8e2', 'profile_pic_url_hd': None, 'username': 'claudiapseabra'}]",Positivo
https://www.instagram.com/p/DNyq7_94p0M/,"O Pr√™mio Replica Piau√≠ ‚Äì Excel√™ncia em Boas Pr√°ticas na Gest√£o P√∫blica est√° com inscri√ß√µes abertas at√© o dia 25 de setembro.

Podem participar servidores estaduais, efetivos e comissionados, individualmente ou em equipes de at√© 5 pessoas. Os tr√™s melhores projetos receber√£o pr√™mios em dinheiro e ter√£o suas iniciativas replicadas, ampliando o impacto positivo para toda a sociedade.

Inscreva-se j√° pelo site da Escola de Governo. A sua ideia pode transformar a gest√£o p√∫blica!",2025-08-25T20:40:02.000Z,105.0,8,sead.pi,"[{'full_name': 'Governo do PiauiÃÅ', 'id': '1260145191', 'is_private': False, 'is_verified': True, 'profile_pic_url': 'https://scontent-sea1-1.cdninstagram.com/v/t51.2885-19/539303276_18525291124049192_3252641783862054530_n.jpg?stp=dst-jpg_e0_s150x150_tt6&efg=eyJ2ZW5jb2RlX3RhZyI6InByb2ZpbGVfcGljLmRqYW5nby4xMDAwLmMyIn0&_nc_ht=scontent-sea1-1.cdninstagram.com&_nc_cat=108&_nc_oc=Q6cZ2QFo4pvtf7Er9DYyo1zHq3O7ODif8IM2osKO9uHZu_AaTzXfOdCVBRsZ4CD2x5zIfWM&_nc_ohc=CMN01pf6PBMQ7kNvwERVC-W&_nc_gid=lowzQOTrn-1DArc3bMf-fQ&edm=APGXKFABAAAA&ccb=7-5&ig_cache_key=GGwdJSAoRc90p9BBAILOsBx4tCMtbmNDAQAB-ccb7-5&oh=00_AfZ8MRWBMEsfyTdBUBvzYaGIgGRqwgCqFHPKviYEBRRnAA&oe=68BE05B3&_nc_sid=a8b8e2', 'profile_pic_url_hd': None, 'username': 'governodopiaui'}, {'full_name': 'Escola de Governo do Piau√≠ - EGEPI', 'id': '59538387343', 'is_private': False, 'is_verified': False, 'profile_pic_url': 'https://scontent-sea5-1.cdninstagram.com/v/t51.2885-19/343279283_775611454125122_8028247589422455257_n.jpg?stp=dst-jpg_e0_s150x150_tt6&efg=eyJ2ZW5jb2RlX3RhZyI6InByb2ZpbGVfcGljLmRqYW5nby4xMDgwLmMyIn0&_nc_ht=scontent-sea5-1.cdninstagram.com&_nc_cat=102&_nc_oc=Q6cZ2QFo4pvtf7Er9DYyo1zHq3O7ODif8IM2osKO9uHZu_AaTzXfOdCVBRsZ4CD2x5zIfWM&_nc_ohc=0fKiPjrVUAIQ7kNvwHsQakF&_nc_gid=lowzQOTrn-1DArc3bMf-fQ&edm=APGXKFABAAAA&ccb=7-5&ig_cache_key=GLMGdhRC9DQdasECANlZaailEGpvbkULAAAB-ccb7-5&oh=00_AfatQ5hbGT0f5HH2sbl-Owgjx3RtU9yCqvBT2uTpgSuL6g&oe=68BE19EF&_nc_sid=a8b8e2', 'profile_pic_url_hd': None, 'username': 'escoladegovernopi.egepi'}, {'full_name': 'Sec. de IA, Economia Digital, Ci√™ncia, Tecnologia e Inova√ß√£o', 'id': '67089963957', 'is_private': False, 'is_verified': False, 'profile_pic_url': 'https://scontent-sea5-1.cdninstagram.com/v/t51.2885-19/465971814_1099705271539827_5999879887919060991_n.jpg?stp=dst-jpg_e0_s150x150_tt6&efg=eyJ2ZW5jb2RlX3RhZyI6InByb2ZpbGVfcGljLmRqYW5nby42ODQuYzIifQ&_nc_ht=scontent-sea5-1.cdninstagram.com&_nc_cat=103&_nc_oc=Q6cZ2QFo4pvtf7Er9DYyo1zHq3O7ODif8IM2osKO9uHZu_AaTzXfOdCVBRsZ4CD2x5zIfWM&_nc_ohc=EHUQphoa914Q7kNvwFBydL_&_nc_gid=lowzQOTrn-1DArc3bMf-fQ&edm=APGXKFABAAAA&ccb=7-5&ig_cache_key=GGYqxhtzWBEWLegDAP8XbSb42kNTbkULAAAB-ccb7-5&oh=00_AfaU738c8QejquSJf8gzmjZDJKA-mlcSbD7c0SBFJbiAvQ&oe=68BE0DF7&_nc_sid=a8b8e2', 'profile_pic_url_hd': None, 'username': 'sia.piaui'}]",Positivo
https://www.instagram.com/p/DNsiczEXAh6/,"ü§î Voc√™ faz a diferen√ßa na gest√£o p√∫blica?
Sua pr√°tica inovadora merece ser reconhecida!üèÜ

O Pr√™mio R√©plica Piau√≠ est√° chegando para valorizar a excel√™ncia e as boas pr√°ticas que est√£o transformando o servi√ßo p√∫blico. √â a sua oportunidade de mostrar ao mundo a solu√ß√£o que voc√™ criou.

Curioso? Em breve, revelaremos todos os detalhes!",2025-08-23T11:30:55.000Z,24.0,0,sead.pi,"[{'full_name': 'Escola de Governo do Piau√≠ - EGEPI', 'id': '59538387343', 'is_private': False, 'is_verified': False, 'profile_pic_url': 'https://scontent-sea5-1.cdninstagram.com/v/t51.2885-19/343279283_775611454125122_8028247589422455257_n.jpg?stp=dst-jpg_e0_s150x150_tt6&efg=eyJ2ZW5jb2RlX3RhZyI6InByb2ZpbGVfcGljLmRqYW5nby4xMDgwLmMyIn0&_nc_ht=scontent-sea5-1.cdninstagram.com&_nc_cat=102&_nc_oc=Q6cZ2QFo4pvtf7Er9DYyo1zHq3O7ODif8IM2osKO9uHZu_AaTzXfOdCVBRsZ4CD2x5zIfWM&_nc_ohc=0fKiPjrVUAIQ7kNvwHsQakF&_nc_gid=lowzQOTrn-1DArc3bMf-fQ&edm=APGXKFABAAAA&ccb=7-5&ig_cache_key=GLMGdhRC9DQdasECANlZaailEGpvbkULAAAB-ccb7-5&oh=00_AfatQ5hbGT0f5HH2sbl-Owgjx3RtU9yCqvBT2uTpgSuL6g&oe=68BE19EF&_nc_sid=a8b8e2', 'profile_pic_url_hd': None, 'username': 'escoladegovernopi.egepi'}, {'full_name': 'Sec. de IA, Economia Digital, Ci√™ncia, Tecnologia e Inova√ß√£o', 'id': '67089963957', 'is_private': False, 'is_verified': False, 'profile_pic_url': 'https://scontent-sea5-1.cdninstagram.com/v/t51.2885-19/465971814_1099705271539827_5999879887919060991_n.jpg?stp=dst-jpg_e0_s150x150_tt6&efg=eyJ2ZW5jb2RlX3RhZyI6InByb2ZpbGVfcGljLmRqYW5nby42ODQuYzIifQ&_nc_ht=scontent-sea5-1.cdninstagram.com&_nc_cat=103&_nc_oc=Q6cZ2QFo4pvtf7Er9DYyo1zHq3O7ODif8IM2osKO9uHZu_AaTzXfOdCVBRsZ4CD2x5zIfWM&_nc_ohc=EHUQphoa914Q7kNvwFBydL_&_nc_gid=lowzQOTrn-1DArc3bMf-fQ&edm=APGXKFABAAAA&ccb=7-5&ig_cache_key=GGYqxhtzWBEWLegDAP8XbSb42kNTbkULAAAB-ccb7-5&oh=00_AfaU738c8QejquSJf8gzmjZDJKA-mlcSbD7c0SBFJbiAvQ&oe=68BE0DF7&_nc_sid=a8b8e2', 'profile_pic_url_hd': None, 'username': 'sia.piaui'}]",Positivo
https://www.instagram.com/p/DNqB-s-TzP1/,"Aprender qu√≠mica nunca foi t√£o divertido!
No CETI Liceu Paraibano, os alunos colocaram a m√£o na massa e desenvolveram Qimica: um jogo desafiador üéÆüî¨, dentro do projeto Conex√£o Ci√™ncia Piau√≠.
Com o apoio dos professores e da parceria com a SIA, Seduc e Fapepi, o grupo criou uma ferramenta interativa que transforma conte√∫dos complexos de qu√≠mica em uma experi√™ncia l√∫dica, acess√≠vel e inclusiva.",2025-08-22T12:09:57.000Z,9.0,1,popcienciapiaui,"[{'full_name': 'FAPEPI', 'id': '10212372890', 'is_private': False, 'is_verified': False, 'profile_pic_url': 'https://scontent-sea5-1.cdninstagram.com/v/t51.2885-19/505740754_18170796193340891_9104517416308145761_n.jpg?stp=dst-jpg_e0_s150x150_tt6&efg=eyJ2ZW5jb2RlX3RhZyI6InByb2ZpbGVfcGljLmRqYW5nby45MTQuYzIifQ&_nc_ht=scontent-sea5-1.cdninstagram.com&_nc_cat=111&_nc_oc=Q6cZ2QFo4pvtf7Er9DYyo1zHq3O7ODif8IM2osKO9uHZu_AaTzXfOdCVBRsZ4CD2x5zIfWM&_nc_ohc=irB2Rbb410YQ7kNvwEOEerA&_nc_gid=lowzQOTrn-1DArc3bMf-fQ&edm=APGXKFABAAAA&ccb=7-5&ig_cache_key=GNL9JB7b3WMsPo5AAGF_ZzJavll_bvEnAQAB-ccb7-5&oh=00_AfZmMc9sUVjTY8EnecQ6bAOFkMSzlCBSYBecRjuK7gjg9g&oe=68BE062D&_nc_sid=a8b8e2', 'profile_pic_url_hd': None, 'username': 'fapepiaui'}, {'full_name': 'Rafael Viana', 'id': '15374891232', 'is_private': True, 'is_verified': False, 'profile_pic_url': 'https://scontent-sea5-1.cdninstagram.com/v/t51.2885-19/458696514_1264602491214191_2763133944938145950_n.jpg?stp=dst-jpg_e0_s150x150_tt6&efg=eyJ2ZW5jb2RlX3RhZyI6InByb2ZpbGVfcGljLmRqYW5nby45NTcuYzIifQ&_nc_ht=scontent-sea5-1.cdninstagram.com&_nc_cat=111&_nc_oc=Q6cZ2QFo4pvtf7Er9DYyo1zHq3O7ODif8IM2osKO9uHZu_AaTzXfOdCVBRsZ4CD2x5zIfWM&_nc_ohc=Me1_7Zdpw6UQ7kNvwFbw6Ye&_nc_gid=lowzQOTrn-1DArc3bMf-fQ&edm=APGXKFABAAAA&ccb=7-5&ig_cache_key=GEInVxtvWUU2Jn4EAJ6o3Oaun1gmbkULAAAB-ccb7-5&oh=00_AfbSWvI1w--BrPmL4t9yk1F_ndupLTIN1qmtt40A38w8-A&oe=68BE00BA&_nc_sid=a8b8e2', 'profile_pic_url_hd': None, 'username': 'rafaelviana665'}, {'full_name': 'Ceti Liceu Parnaibano', 'id': '50695195431', 'is_private': False, 'is_verified': False, 'profile_pic_url': 'https://scontent-sea1-1.cdninstagram.com/v/t51.2885-19/499250477_18024271763691432_7269353037230624734_n.jpg?stp=dst-jpg_e0_s150x150_tt6&efg=eyJ2ZW5jb2RlX3RhZyI6InByb2ZpbGVfcGljLmRqYW5nby4xMDgwLmMyIn0&_nc_ht=scontent-sea1-1.cdninstagram.com&_nc_cat=100&_nc_oc=Q6cZ2QFo4pvtf7Er9DYyo1zHq3O7ODif8IM2osKO9uHZu_AaTzXfOdCVBRsZ4CD2x5zIfWM&_nc_ohc=GVAlZUXoewcQ7kNvwGJiBlv&_nc_gid=lowzQOTrn-1DArc3bMf-fQ&edm=APGXKFABAAAA&ccb=7-5&ig_cache_key=GC31wR2oV8-L_ghAAN7PCZsS7uFkbvEnAQAB-ccb7-5&oh=00_AfYAg0-g-nQuoZjq7Dap4JGyby7PfLF0TseTmGx06-a8lQ&oe=68BE0775&_nc_sid=a8b8e2', 'profile_pic_url_hd': None, 'username': 'liceu_parnaibano'}, {'full_name': 'Seduc / PI', 'id': '5356328959', 'is_private': False, 'is_verified': False, 'profile_pic_url': 'https://scontent-sea1-1.cdninstagram.com/v/t51.2885-19/445446055_463618652840856_1050643644753998691_n.jpg?stp=dst-jpg_e0_s150x150_tt6&efg=eyJ2ZW5jb2RlX3RhZyI6InByb2ZpbGVfcGljLmRqYW5nby4xMDgwLmMyIn0&_nc_ht=scontent-sea1-1.cdninstagram.com&_nc_cat=100&_nc_oc=Q6cZ2QFo4pvtf7Er9DYyo1zHq3O7ODif8IM2osKO9uHZu_AaTzXfOdCVBRsZ4CD2x5zIfWM&_nc_ohc=Wc9ck0Du2vIQ7kNvwGWA13H&_nc_gid=lowzQOTrn-1DArc3bMf-fQ&edm=APGXKFABAAAA&ccb=7-5&ig_cache_key=GKf3jBqYIx2hqKUBAGNzFQ-UopQObkULAAAB-ccb7-5&oh=00_AfZR466lkSPSMdwZhGPf4WDOXFNx3gHvAp9qWe_7uzip3A&oe=68BE190B&_nc_sid=a8b8e2', 'profile_pic_url_hd': None, 'username': 'seducpi'}, {'full_name': 'Sec. de IA, Economia Digital, Ci√™ncia, Tecnologia e Inova√ß√£o', 'id': '67089963957', 'is_private': False, 'is_verified': False, 'profile_pic_url': 'https://scontent-sea5-1.cdninstagram.com/v/t51.2885-19/465971814_1099705271539827_5999879887919060991_n.jpg?stp=dst-jpg_e0_s150x150_tt6&efg=eyJ2ZW5jb2RlX3RhZyI6InByb2ZpbGVfcGljLmRqYW5nby42ODQuYzIifQ&_nc_ht=scontent-sea5-1.cdninstagram.com&_nc_cat=103&_nc_oc=Q6cZ2QFo4pvtf7Er9DYyo1zHq3O7ODif8IM2osKO9uHZu_AaTzXfOdCVBRsZ4CD2x5zIfWM&_nc_ohc=EHUQphoa914Q7kNvwFBydL_&_nc_gid=lowzQOTrn-1DArc3bMf-fQ&edm=APGXKFABAAAA&ccb=7-5&ig_cache_key=GGYqxhtzWBEWLegDAP8XbSb42kNTbkULAAAB-ccb7-5&oh=00_AfaU738c8QejquSJf8gzmjZDJKA-mlcSbD7c0SBFJbiAvQ&oe=68BE0DF7&_nc_sid=a8b8e2', 'profile_pic_url_hd': None, 'username': 'sia.piaui'}]",Positivo
https://www.instagram.com/p/DNldnILvq6v/,"Durante dois dias de debates, a 6¬™ Confer√™ncia Estadual das Cidades reuniu 1.052 inscritos, com 716 participantes ativos nos grupos de discuss√£o.

A abertura contou com a presen√ßa do governador @rafael.fonteles e de diversos representantes do poder p√∫blico das tr√™s esferas, al√©m de institui√ß√µes como a Caixa Econ√¥mica Federal (@caixa ) , patrocinadora do evento. 
Gestores municipais, movimentos sociais, entidades profissionais e representantes da sociedade civil estiveram lado a lado em pain√©is e grupos de trabalho, discutindo temas fundamentais para o futuro das nossas cidades: habita√ß√£o, mobilidade, saneamento, seguran√ßa, transi√ß√£o clim√°tica e transforma√ß√£o digital. 

Entre os projetos apresentados pelo Piau√≠, destaque para o Casa Legal, programa estadual de regulariza√ß√£o fundi√°ria urbana que substituiu o antigo ProUrbe. O Casa Legal ampliou a atua√ß√£o do Estado na regulariza√ß√£o de im√≥veis, promovendo parcerias com prefeituras municipais para agilizar a entrega de t√≠tulos de propriedade, garantindo seguran√ßa jur√≠dica e dignidade para mais de 70 mil fam√≠lias em 24 munic√≠pios piauienses. 

 Com esse esp√≠rito de colabora√ß√£o e responsabilidade federativa, o Piau√≠ segue firme e confiante para contribuir na etapa nacional, fortalecendo a Pol√≠tica de Desenvolvimento Urbano em todo o Brasil.",2025-08-20T17:33:28.000Z,,8,washbonfim,"[{'full_name': 'Neide Carvalho üåª‚ô•Ô∏è', 'id': '1367313026', 'is_private': False, 'is_verified': False, 'profile_pic_url': 'https://scontent-sea1-1.cdninstagram.com/v/t51.2885-19/387724021_290301460578832_9163026501009640778_n.jpg?stp=dst-jpg_e0_s150x150_tt6&efg=eyJ2ZW5jb2RlX3RhZyI6InByb2ZpbGVfcGljLmRqYW5nby4xMDc5LmMyIn0&_nc_ht=scontent-sea1-1.cdninstagram.com&_nc_cat=104&_nc_oc=Q6cZ2QFo4pvtf7Er9DYyo1zHq3O7ODif8IM2osKO9uHZu_AaTzXfOdCVBRsZ4CD2x5zIfWM&_nc_ohc=Jdf1VPmi4dgQ7kNvwHdDfRG&_nc_gid=lowzQOTrn-1DArc3bMf-fQ&edm=APGXKFABAAAA&ccb=7-5&ig_cache_key=GPUyHBcQgm8TBwgBAEqNKwwOnCl-bkULAAAB-ccb7-5&oh=00_AfbEZ7gS0t-hKBV1wPsEkHG8SuDmL1oPGqekx1y9vxwFSQ&oe=68BE1E16&_nc_sid=a8b8e2', 'profile_pic_url_hd': None, 'username': 'neidejc13'}, {'full_name': 'Secretaria Meio Ambiente Piau√≠', 'id': '13709167903', 'is_private': False, 'is_verified': False, 'profile_pic_url': 'https://scontent-sea1-1.cdninstagram.com/v/t51.2885-19/541935990_18127041739463904_4630003617709693760_n.jpg?stp=dst-jpg_e0_s150x150_tt6&efg=eyJ2ZW5jb2RlX3RhZyI6InByb2ZpbGVfcGljLmRqYW5nby4xMDgwLmMyIn0&_nc_ht=scontent-sea1-1.cdninstagram.com&_nc_cat=100&_nc_oc=Q6cZ2QFo4pvtf7Er9DYyo1zHq3O7ODif8IM2osKO9uHZu_AaTzXfOdCVBRsZ4CD2x5zIfWM&_nc_ohc=4BaLXuhsW3IQ7kNvwGH-0rw&_nc_gid=lowzQOTrn-1DArc3bMf-fQ&edm=APGXKFABAAAA&ccb=7-5&ig_cache_key=GHZJTSDgnLXLcmZAAEAbXG7CE0FAbmNDAQAB-ccb7-5&oh=00_Afb8PxCCkebi6yc8rxDjiU3jFCMKa8rcOD5d_7CFGL13uw&oe=68BE308C&_nc_sid=a8b8e2', 'profile_pic_url_hd': None, 'username': 'semarhpiauioficial'}, {'full_name': 'Secretaria de Governo do Piau√≠', 'id': '15264869190', 'is_private': False, 'is_verified': False, 'profile_pic_url': 'https://scontent-sea1-1.cdninstagram.com/v/t51.2885-19/333977606_1039485844106412_7548681151490213789_n.jpg?stp=dst-jpg_e0_s150x150_tt6&efg=eyJ2ZW5jb2RlX3RhZyI6InByb2ZpbGVfcGljLmRqYW5nby4zOTcuYzIifQ&_nc_ht=scontent-sea1-1.cdninstagram.com&_nc_cat=100&_nc_oc=Q6cZ2QFo4pvtf7Er9DYyo1zHq3O7ODif8IM2osKO9uHZu_AaTzXfOdCVBRsZ4CD2x5zIfWM&_nc_ohc=6yNS_bx1WmwQ7kNvwGb1R7e&_nc_gid=lowzQOTrn-1DArc3bMf-fQ&edm=APGXKFABAAAA&ccb=7-5&ig_cache_key=GAYY6BOsrHwoaLEDAJ3HQj2DTcJobkULAAAB-ccb7-5&oh=00_Afb_PhFmSc5k8I7taBYD4vD62aiMbxKD5FFJtux7TowmVw&oe=68BE3418&_nc_sid=a8b8e2', 'profile_pic_url_hd': None, 'username': 'segovpiaui'}, {'full_name': 'Iaepi Comunica', 'id': '16595495745', 'is_private': False, 'is_verified': False, 'profile_pic_url': 'https://scontent-sea5-1.cdninstagram.com/v/t51.2885-19/510408528_18099243697559746_356556964119830036_n.jpg?stp=dst-jpg_e0_s150x150_tt6&efg=eyJ2ZW5jb2RlX3RhZyI6InByb2ZpbGVfcGljLmRqYW5nby4xMDgwLmMyIn0&_nc_ht=scontent-sea5-1.cdninstagram.com&_nc_cat=110&_nc_oc=Q6cZ2QFo4pvtf7Er9DYyo1zHq3O7ODif8IM2osKO9uHZu_AaTzXfOdCVBRsZ4CD2x5zIfWM&_nc_ohc=0Ld9p61QmrEQ7kNvwFA9KHH&_nc_gid=lowzQOTrn-1DArc3bMf-fQ&edm=APGXKFABAAAA&ccb=7-5&ig_cache_key=GFA3bB7C2EuPKk1AABTejXSrvvIEbvEnAQAB-ccb7-5&oh=00_Afb2WpipQn19OjmXOR09jBF2Os5X3YWD_ZCz19zXjvmmHg&oe=68BE1ADC&_nc_sid=a8b8e2', 'profile_pic_url_hd': None, 'username': 'isbpi'}, {'full_name': 'Monique Menezes', 'id': '197817077', 'is_private': False, 'is_verified': False, 'profile_pic_url': 'https://scontent-sea1-1.cdninstagram.com/v/t51.2885-19/482977317_1023023289683790_6359020568588618849_n.jpg?stp=dst-jpg_e0_s150x150_tt6&efg=eyJ2ZW5jb2RlX3RhZyI6InByb2ZpbGVfcGljLmRqYW5nby43MjYuYzIifQ&_nc_ht=scontent-sea1-1.cdninstagram.com&_nc_cat=106&_nc_oc=Q6cZ2QFo4pvtf7Er9DYyo1zHq3O7ODif8IM2osKO9uHZu_AaTzXfOdCVBRsZ4CD2x5zIfWM&_nc_ohc=oGcEdNhCFkwQ7kNvwE9d-5f&_nc_gid=lowzQOTrn-1DArc3bMf-fQ&edm=APGXKFABAAAA&ccb=7-5&ig_cache_key=GCWmyRxOT8crb6IDAGGMIP6Dxz9YbkULAAAB-ccb7-5&oh=00_AfY0bO1q3IFDTAi_fIE5Ccdw-vtmADq9IxnffeyP5w1qMQ&oe=68BE1F0F&_nc_sid=a8b8e2', 'profile_pic_url_hd': None, 'username': 'moniquemenezes1'}, {'full_name': 'Prof. Andr√© Macedo', 'id': '210324743', 'is_private': False, 'is_verified': False, 'profile_pic_url': 'https://scontent-sea5-1.cdninstagram.com/v/t51.2885-19/476020196_1817783742114955_7739284128173419237_n.jpg?stp=dst-jpg_e0_s150x150_tt6&efg=eyJ2ZW5jb2RlX3RhZyI6InByb2ZpbGVfcGljLmRqYW5nby4xMDgwLmMyIn0&_nc_ht=scontent-sea5-1.cdninstagram.com&_nc_cat=107&_nc_oc=Q6cZ2QFo4pvtf7Er9DYyo1zHq3O7ODif8IM2osKO9uHZu_AaTzXfOdCVBRsZ4CD2x5zIfWM&_nc_ohc=Sq2Bl9uDuGYQ7kNvwE4occf&_nc_gid=lowzQOTrn-1DArc3bMf-fQ&edm=APGXKFABAAAA&ccb=7-5&ig_cache_key=GOR9XxyLLDrCQ3UGAOVqmPvodWdrbkULAAAB-ccb7-5&oh=00_AfbSB83YzHGQWRsoN7VUumZPGXknUU4lb2N1R29O0ykFdg&oe=68BE2F4D&_nc_sid=a8b8e2', 'profile_pic_url_hd': None, 'username': 'prof.andremacedo'}, {'full_name': 'Chico Lucas', 'id': '2144060776', 'is_private': False, 'is_verified': True, 'profile_pic_url': 'https://scontent-sea5-1.cdninstagram.com/v/t51.2885-19/494535704_18471316708068777_9182845318797517686_n.jpg?stp=dst-jpg_e0_s150x150_tt6&efg=eyJ2ZW5jb2RlX3RhZyI6InByb2ZpbGVfcGljLmRqYW5nby44MjguYzIifQ&_nc_ht=scontent-sea5-1.cdninstagram.com&_nc_cat=109&_nc_oc=Q6cZ2QFo4pvtf7Er9DYyo1zHq3O7ODif8IM2osKO9uHZu_AaTzXfOdCVBRsZ4CD2x5zIfWM&_nc_ohc=UY9WlZjbi7MQ7kNvwGQp0S2&_nc_gid=lowzQOTrn-1DArc3bMf-fQ&edm=APGXKFABAAAA&ccb=7-5&ig_cache_key=GBgEeh2pDeuOkJ9BAHbjSCYqBXB-bvEnAQAB-ccb7-5&oh=00_AfYoeTqHU9BgHZ3HAwnyiqE_Uv44ln6PHaVwl-U2Pa0Keg&oe=68BE2A30&_nc_sid=a8b8e2', 'profile_pic_url_hd': None, 'username': 'chicolucas_'}, {'full_name': 'Secretaria de SegurancÃßa P√∫blica do Piau√≠', 'id': '22980683539', 'is_private': False, 'is_verified': False, 'profile_pic_url': 'https://scontent-sea1-1.cdninstagram.com/v/t51.2885-19/333307221_1674591663003936_5658706492769914874_n.jpg?stp=dst-jpg_e0_s150x150_tt6&efg=eyJ2ZW5jb2RlX3RhZyI6InByb2ZpbGVfcGljLmRqYW5nby4xMDgwLmMyIn0&_nc_ht=scontent-sea1-1.cdninstagram.com&_nc_cat=100&_nc_oc=Q6cZ2QFo4pvtf7Er9DYyo1zHq3O7ODif8IM2osKO9uHZu_AaTzXfOdCVBRsZ4CD2x5zIfWM&_nc_ohc=uLCcNhfPLFgQ7kNvwGjFdBu&_nc_gid=lowzQOTrn-1DArc3bMf-fQ&edm=APGXKFABAAAA&ccb=7-5&ig_cache_key=GFXd3RMgmTdBCPMFAPpPv-WSw4dObkULAAAB-ccb7-5&oh=00_AfYO4H5nQlntJqlqjkpDHcLqB2ix0cFIwDRkknWGF3kJaA&oe=68BE1972&_nc_sid=a8b8e2', 'profile_pic_url_hd': None, 'username': 'ssppiaui'}, {'full_name': 'Raimunda N√∫bia Lopes Silva', 'id': '3403555172', 'is_private': False, 'is_verified': False, 'profile_pic_url': 'https://scontent-sea1-1.cdninstagram.com/v/t51.2885-19/537707960_18407305885115173_5714970785527155649_n.jpg?stp=dst-jpg_e0_s150x150_tt6&efg=eyJ2ZW5jb2RlX3RhZyI6InByb2ZpbGVfcGljLmRqYW5nby45NjAuYzIifQ&_nc_ht=scontent-sea1-1.cdninstagram.com&_nc_cat=101&_nc_oc=Q6cZ2QFo4pvtf7Er9DYyo1zHq3O7ODif8IM2osKO9uHZu_AaTzXfOdCVBRsZ4CD2x5zIfWM&_nc_ohc=tXoCIYjkOk0Q7kNvwF6HEJQ&_nc_gid=lowzQOTrn-1DArc3bMf-fQ&edm=APGXKFABAAAA&ccb=7-5&ig_cache_key=GLjFDCAl443gWGVBAMHLFHWmp09PbmNDAQAB-ccb7-5&oh=00_AfY9z7muk9__-ALSGUoiLyg1SO2TnCTDq9EM3ydsCqJfLw&oe=68BE02F1&_nc_sid=a8b8e2', 'profile_pic_url_hd': None, 'username': 'nubialopespi'}, {'full_name': 'Samuel Nascimento', 'id': '4566675', 'is_private': False, 'is_verified': True, 'profile_pic_url': 'https://scontent-sea1-1.cdninstagram.com/v/t51.2885-19/474474677_624904160213620_8660986289870785842_n.jpg?stp=dst-jpg_e0_s150x150_tt6&efg=eyJ2ZW5jb2RlX3RhZyI6InByb2ZpbGVfcGljLmRqYW5nby4xMDgwLmMyIn0&_nc_ht=scontent-sea1-1.cdninstagram.com&_nc_cat=104&_nc_oc=Q6cZ2QFo4pvtf7Er9DYyo1zHq3O7ODif8IM2osKO9uHZu_AaTzXfOdCVBRsZ4CD2x5zIfWM&_nc_ohc=X2J7IE5Mlb0Q7kNvwFrO8Qt&_nc_gid=lowzQOTrn-1DArc3bMf-fQ&edm=APGXKFABAAAA&ccb=7-5&ig_cache_key=GLXoRxx0_nzWWDgCADLNRowkATJ4bkULAAAB-ccb7-5&oh=00_AfYh01q82dttgOxfMsg6d7e_tVldsKTvEoIGVBxgyoGplg&oe=68BE118C&_nc_sid=a8b8e2', 'profile_pic_url_hd': None, 'username': 'samuelpontespi'}, {'full_name': 'Ivanovick Pinheiro', 'id': '48288117', 'is_private': False, 'is_verified': False, 'profile_pic_url': 'https://scontent-sea1-1.cdninstagram.com/v/t51.2885-19/490472466_1184542722792820_4245150715139553315_n.jpg?stp=dst-jpg_e0_s150x150_tt6&efg=eyJ2ZW5jb2RlX3RhZyI6InByb2ZpbGVfcGljLmRqYW5nby4xMDgwLmMyIn0&_nc_ht=scontent-sea1-1.cdninstagram.com&_nc_cat=104&_nc_oc=Q6cZ2QFo4pvtf7Er9DYyo1zHq3O7ODif8IM2osKO9uHZu_AaTzXfOdCVBRsZ4CD2x5zIfWM&_nc_ohc=4cQbZqglhkgQ7kNvwF5zboi&_nc_gid=lowzQOTrn-1DArc3bMf-fQ&edm=APGXKFABAAAA&ccb=7-5&ig_cache_key=GBIEPB10nTbYVTUEACN442kVzuk6bkULAAAB-ccb7-5&oh=00_AfYeFdgaaZaxFpPIfmWsNB3TxkWW39dNS1sQe_2BOv15vw&oe=68BE272B&_nc_sid=a8b8e2', 'profile_pic_url_hd': None, 'username': 'ivanovick'}, {'full_name': 'Ag√™ncia de Desenvolvimento Habitacional', 'id': '56995478843', 'is_private': False, 'is_verified': True, 'profile_pic_url': 'https://scontent-sea1-1.cdninstagram.com/v/t51.2885-19/532063734_17978607236902844_3627916333857407819_n.jpg?stp=dst-jpg_e0_s150x150_tt6&efg=eyJ2ZW5jb2RlX3RhZyI6InByb2ZpbGVfcGljLmRqYW5nby4xMDgwLmMyIn0&_nc_ht=scontent-sea1-1.cdninstagram.com&_nc_cat=108&_nc_oc=Q6cZ2QFo4pvtf7Er9DYyo1zHq3O7ODif8IM2osKO9uHZu_AaTzXfOdCVBRsZ4CD2x5zIfWM&_nc_ohc=RFdS54CpwS0Q7kNvwGl_WLl&_nc_gid=lowzQOTrn-1DArc3bMf-fQ&edm=APGXKFABAAAA&ccb=7-5&ig_cache_key=GPalth_8b_mxct8-AEuDaCKv8lgybmNDAQAB-ccb7-5&oh=00_AfY2VnRn9ks-AXSZx9Ech7wCon2lh-WdiXiRcKrKLGO1iw&oe=68BE1C8C&_nc_sid=a8b8e2', 'profile_pic_url_hd': None, 'username': 'adhpi_oficial'}, {'full_name': 'Secretaria das Rela√ß√µes Sociais', 'id': '57504133346', 'is_private': False, 'is_verified': False, 'profile_pic_url': 'https://scontent-sea5-1.cdninstagram.com/v/t51.2885-19/472178458_1767730950644258_1345013501855512040_n.jpg?stp=dst-jpg_e0_s150x150_tt6&efg=eyJ2ZW5jb2RlX3RhZyI6InByb2ZpbGVfcGljLmRqYW5nby44NTAuYzIifQ&_nc_ht=scontent-sea5-1.cdninstagram.com&_nc_cat=102&_nc_oc=Q6cZ2QFo4pvtf7Er9DYyo1zHq3O7ODif8IM2osKO9uHZu_AaTzXfOdCVBRsZ4CD2x5zIfWM&_nc_ohc=GGuuFHu7OsEQ7kNvwFvJE9O&_nc_gid=lowzQOTrn-1DArc3bMf-fQ&edm=APGXKFABAAAA&ccb=7-5&ig_cache_key=GBrfJBwiIl-vvUcGAOi1M1yncqoSbkULAAAB-ccb7-5&oh=00_Afb4bQSjT1Qd9WxALZwGQOtzwbyDCDY9eR2c_fjEBvx5vQ&oe=68BE156D&_nc_sid=a8b8e2', 'profile_pic_url_hd': None, 'username': 'serespiaui'}, {'full_name': 'APPM', 'id': '5757940214', 'is_private': False, 'is_verified': False, 'profile_pic_url': 'https://scontent-sea1-1.cdninstagram.com/v/t51.2885-19/403808180_875672010773946_5864124459275920298_n.jpg?stp=dst-jpg_e0_s150x150_tt6&efg=eyJ2ZW5jb2RlX3RhZyI6InByb2ZpbGVfcGljLmRqYW5nby4xMDgwLmMyIn0&_nc_ht=scontent-sea1-1.cdninstagram.com&_nc_cat=106&_nc_oc=Q6cZ2QFo4pvtf7Er9DYyo1zHq3O7ODif8IM2osKO9uHZu_AaTzXfOdCVBRsZ4CD2x5zIfWM&_nc_ohc=mB6KBieE83cQ7kNvwExHJEa&_nc_gid=lowzQOTrn-1DArc3bMf-fQ&edm=APGXKFABAAAA&ccb=7-5&ig_cache_key=GLSfERi6VSRHaxwDAKoj0lEgjmFRbkULAAAB-ccb7-5&oh=00_AfY_f2C5wI2Gyu4_OARRKy-EYIcNSoKonXtRiqpRXxcJaw&oe=68BE14E4&_nc_sid=a8b8e2', 'profile_pic_url_hd': None, 'username': 'appm.pi'}, {'full_name': 'Maria Vilani da Silva', 'id': '57770183718', 'is_private': False, 'is_verified': False, 'profile_pic_url': 'https://scontent-sea5-1.cdninstagram.com/v/t51.2885-19/350657109_270486108702322_6231507913228278817_n.jpg?stp=dst-jpg_e0_s150x150_tt6&efg=eyJ2ZW5jb2RlX3RhZyI6InByb2ZpbGVfcGljLmRqYW5nby4xMDgwLmMyIn0&_nc_ht=scontent-sea5-1.cdninstagram.com&_nc_cat=110&_nc_oc=Q6cZ2QFo4pvtf7Er9DYyo1zHq3O7ODif8IM2osKO9uHZu_AaTzXfOdCVBRsZ4CD2x5zIfWM&_nc_ohc=3AOKAlxNms8Q7kNvwFyEpRj&_nc_gid=lowzQOTrn-1DArc3bMf-fQ&edm=APGXKFABAAAA&ccb=7-5&ig_cache_key=GFWa5hRyBm10AfYAACHcAV9uw3pWbkULAAAB-ccb7-5&oh=00_Afb7NJEH_9uUg3Dybgu2ELoZiOu4lGqWyhgMPFG4gDXnlQ&oe=68BE0D03&_nc_sid=a8b8e2', 'profile_pic_url_hd': None, 'username': 'vilanisilvapi'}, {'full_name': 'Secid-PI', 'id': '57919073369', 'is_private': False, 'is_verified': False, 'profile_pic_url': 'https://scontent-sea5-1.cdninstagram.com/v/t51.2885-19/361373312_233736496228899_7064649254044855031_n.jpg?stp=dst-jpg_e0_s150x150_tt6&efg=eyJ2ZW5jb2RlX3RhZyI6InByb2ZpbGVfcGljLmRqYW5nby41MDUuYzIifQ&_nc_ht=scontent-sea5-1.cdninstagram.com&_nc_cat=103&_nc_oc=Q6cZ2QFo4pvtf7Er9DYyo1zHq3O7ODif8IM2osKO9uHZu_AaTzXfOdCVBRsZ4CD2x5zIfWM&_nc_ohc=d9sE2Z-K8QYQ7kNvwEbWO5t&_nc_gid=lowzQOTrn-1DArc3bMf-fQ&edm=APGXKFABAAAA&ccb=7-5&ig_cache_key=GIAeihUjKtQEldQAAPdqEgIRrQpibkULAAAB-ccb7-5&oh=00_AfaRL-K2KSDbTCJndcxtfAdfK8DtWlLUMsbIYNr5XitXGQ&oe=68BDFD91&_nc_sid=a8b8e2', 'profile_pic_url_hd': None, 'username': 'secidpiaui'}, {'full_name': 'ReDUS', 'id': '61847676279', 'is_private': False, 'is_verified': False, 'profile_pic_url': 'https://scontent-sea5-1.cdninstagram.com/v/t51.2885-19/380752924_227660596626502_4557394014034098801_n.jpg?stp=dst-jpg_e0_s150x150_tt6&efg=eyJ2ZW5jb2RlX3RhZyI6InByb2ZpbGVfcGljLmRqYW5nby40MzEuYzIifQ&_nc_ht=scontent-sea5-1.cdninstagram.com&_nc_cat=110&_nc_oc=Q6cZ2QFo4pvtf7Er9DYyo1zHq3O7ODif8IM2osKO9uHZu_AaTzXfOdCVBRsZ4CD2x5zIfWM&_nc_ohc=3aZwpTnlyqQQ7kNvwESdGJH&_nc_gid=lowzQOTrn-1DArc3bMf-fQ&edm=APGXKFABAAAA&ccb=7-5&ig_cache_key=GBzUsRZGxP1cDs8AAHF6-qu1HT8-bkULAAAB-ccb7-5&oh=00_AfYQD9N5r6bOpki-AkT1NMSe0PfatTu_rcoHOYaqUBdUxQ&oe=68BE1BF9&_nc_sid=a8b8e2', 'profile_pic_url_hd': None, 'username': 'redus.br'}, {'full_name': 'Sec. de IA, Economia Digital, Ci√™ncia, Tecnologia e Inova√ß√£o', 'id': '67089963957', 'is_private': False, 'is_verified': False, 'profile_pic_url': 'https://scontent-sea5-1.cdninstagram.com/v/t51.2885-19/465971814_1099705271539827_5999879887919060991_n.jpg?stp=dst-jpg_e0_s150x150_tt6&efg=eyJ2ZW5jb2RlX3RhZyI6InByb2ZpbGVfcGljLmRqYW5nby42ODQuYzIifQ&_nc_ht=scontent-sea5-1.cdninstagram.com&_nc_cat=103&_nc_oc=Q6cZ2QFo4pvtf7Er9DYyo1zHq3O7ODif8IM2osKO9uHZu_AaTzXfOdCVBRsZ4CD2x5zIfWM&_nc_ohc=EHUQphoa914Q7kNvwFBydL_&_nc_gid=lowzQOTrn-1DArc3bMf-fQ&edm=APGXKFABAAAA&ccb=7-5&ig_cache_key=GGYqxhtzWBEWLegDAP8XbSb42kNTbkULAAAB-ccb7-5&oh=00_AfaU738c8QejquSJf8gzmjZDJKA-mlcSbD7c0SBFJbiAvQ&oe=68BE0DF7&_nc_sid=a8b8e2', 'profile_pic_url_hd': None, 'username': 'sia.piaui'}, {'full_name': 'Sead Piau√≠', 'id': '7480687368', 'is_private': False, 'is_verified': False, 'profile_pic_url': 'https://scontent-sea5-1.cdninstagram.com/v/t51.2885-19/442419276_1120606765812403_6780265994530713598_n.jpg?stp=dst-jpg_e0_s150x150_tt6&efg=eyJ2ZW5jb2RlX3RhZyI6InByb2ZpbGVfcGljLmRqYW5nby4xMDAwLmMyIn0&_nc_ht=scontent-sea5-1.cdninstagram.com&_nc_cat=107&_nc_oc=Q6cZ2QFo4pvtf7Er9DYyo1zHq3O7ODif8IM2osKO9uHZu_AaTzXfOdCVBRsZ4CD2x5zIfWM&_nc_ohc=punxIPPzXv0Q7kNvwFeuA95&_nc_gid=lowzQOTrn-1DArc3bMf-fQ&edm=APGXKFABAAAA&ccb=7-5&ig_cache_key=GEzIXhqzijWYL-sDAP7vqab-VxhebkULAAAB-ccb7-5&oh=00_AfbB1kR170HaHkD4SZ6EGd1O80vOOjdG5xkMLKIE0CpR2w&oe=68BE2B98&_nc_sid=a8b8e2', 'profile_pic_url_hd': None, 'username': 'sead.pi'}, {'full_name': 'Admaelton Bezerra', 'id': '7763769030', 'is_private': False, 'is_verified': True, 'profile_pic_url': 'https://scontent-sea5-1.cdninstagram.com/v/t51.2885-19/476303332_1209992427135051_6615510427215139896_n.jpg?stp=dst-jpg_e0_s150x150_tt6&efg=eyJ2ZW5jb2RlX3RhZyI6InByb2ZpbGVfcGljLmRqYW5nby44NTMuYzIifQ&_nc_ht=scontent-sea5-1.cdninstagram.com&_nc_cat=103&_nc_oc=Q6cZ2QFo4pvtf7Er9DYyo1zHq3O7ODif8IM2osKO9uHZu_AaTzXfOdCVBRsZ4CD2x5zIfWM&_nc_ohc=XzPrtPf2qMEQ7kNvwFKfgWq&_nc_gid=lowzQOTrn-1DArc3bMf-fQ&edm=APGXKFABAAAA&ccb=7-5&ig_cache_key=GOTPYxxL4MxQe0wEADgUDd6uA89bbkULAAAB-ccb7-5&oh=00_AfZnBVfAAYEI0Tl0L5uWg23mkVpBXoYcEk0oJbRf_hwSiQ&oe=68BDFD91&_nc_sid=a8b8e2', 'profile_pic_url_hd': None, 'username': 'admaeltonbezerra'}]",Positivo
https://www.instagram.com/p/DNlFTXUuDnU/,"A 6¬™ Confer√™ncia Estadual das Cidades teve seu in√≠cio com grande engajamento! üåÜ

No primeiro dia, mais de 450 delegados, incluindo gestores p√∫blicos, representantes da sociedade civil, movimentos sociais e entidades profissionais, participaram de pain√©is e grupos de trabalho.

As discuss√µes abordaram temas importantes como transi√ß√£o clim√°tica, habita√ß√£o, mobilidade urbana, saneamento b√°sico, seguran√ßa p√∫blica, transforma√ß√£o digital e diretrizes para a Pol√≠tica Nacional de Desenvolvimento Urbano (PNDU). 

O evento, promovido pelo @governodopiaui, atrav√©s da Seplan, tem como tema ‚ÄúConstruindo a Pol√≠tica Nacional de Desenvolvimento Urbano: caminhos para cidades inclusivas, democr√°ticas, sustent√°veis e com justi√ßa social‚Äù. Ao final, ser√£o eleitos 45 delegados para a etapa nacional e definidas 12 propostas priorit√°rias para a PNDU.",2025-08-20T14:02:52.000Z,,6,seplan_pi,"[{'full_name': 'Secretaria Meio Ambiente Piau√≠', 'id': '13709167903', 'is_private': False, 'is_verified': False, 'profile_pic_url': 'https://scontent-sea1-1.cdninstagram.com/v/t51.2885-19/541935990_18127041739463904_4630003617709693760_n.jpg?stp=dst-jpg_e0_s150x150_tt6&efg=eyJ2ZW5jb2RlX3RhZyI6InByb2ZpbGVfcGljLmRqYW5nby4xMDgwLmMyIn0&_nc_ht=scontent-sea1-1.cdninstagram.com&_nc_cat=100&_nc_oc=Q6cZ2QFo4pvtf7Er9DYyo1zHq3O7ODif8IM2osKO9uHZu_AaTzXfOdCVBRsZ4CD2x5zIfWM&_nc_ohc=4BaLXuhsW3IQ7kNvwGH-0rw&_nc_gid=lowzQOTrn-1DArc3bMf-fQ&edm=APGXKFABAAAA&ccb=7-5&ig_cache_key=GHZJTSDgnLXLcmZAAEAbXG7CE0FAbmNDAQAB-ccb7-5&oh=00_Afb8PxCCkebi6yc8rxDjiU3jFCMKa8rcOD5d_7CFGL13uw&oe=68BE308C&_nc_sid=a8b8e2', 'profile_pic_url_hd': None, 'username': 'semarhpiauioficial'}, {'full_name': 'Setur Piau√≠', 'id': '15243435039', 'is_private': False, 'is_verified': False, 'profile_pic_url': 'https://scontent-sea5-1.cdninstagram.com/v/t51.2885-19/462651733_554469880443283_3117581924416456372_n.jpg?stp=dst-jpg_e0_s150x150_tt6&efg=eyJ2ZW5jb2RlX3RhZyI6InByb2ZpbGVfcGljLmRqYW5nby4xMDgwLmMyIn0&_nc_ht=scontent-sea5-1.cdninstagram.com&_nc_cat=107&_nc_oc=Q6cZ2QFo4pvtf7Er9DYyo1zHq3O7ODif8IM2osKO9uHZu_AaTzXfOdCVBRsZ4CD2x5zIfWM&_nc_ohc=jfS4FKP3s7EQ7kNvwGubeHn&_nc_gid=lowzQOTrn-1DArc3bMf-fQ&edm=APGXKFABAAAA&ccb=7-5&ig_cache_key=GFWBkxuTMUOUSfgBALSGBRs_4EMrbkULAAAB-ccb7-5&oh=00_AfZaYrRGT0yUHnC6uW_TUZhXhquYrNmTAiQ_szPOSch60w&oe=68BE1184&_nc_sid=a8b8e2', 'profile_pic_url_hd': None, 'username': 'setur_pi'}, {'full_name': 'Secretaria de Governo do Piau√≠', 'id': '15264869190', 'is_private': False, 'is_verified': False, 'profile_pic_url': 'https://scontent-sea1-1.cdninstagram.com/v/t51.2885-19/333977606_1039485844106412_7548681151490213789_n.jpg?stp=dst-jpg_e0_s150x150_tt6&efg=eyJ2ZW5jb2RlX3RhZyI6InByb2ZpbGVfcGljLmRqYW5nby4zOTcuYzIifQ&_nc_ht=scontent-sea1-1.cdninstagram.com&_nc_cat=100&_nc_oc=Q6cZ2QFo4pvtf7Er9DYyo1zHq3O7ODif8IM2osKO9uHZu_AaTzXfOdCVBRsZ4CD2x5zIfWM&_nc_ohc=6yNS_bx1WmwQ7kNvwGb1R7e&_nc_gid=lowzQOTrn-1DArc3bMf-fQ&edm=APGXKFABAAAA&ccb=7-5&ig_cache_key=GAYY6BOsrHwoaLEDAJ3HQj2DTcJobkULAAAB-ccb7-5&oh=00_Afb_PhFmSc5k8I7taBYD4vD62aiMbxKD5FFJtux7TowmVw&oe=68BE3418&_nc_sid=a8b8e2', 'profile_pic_url_hd': None, 'username': 'segovpiaui'}, {'full_name': 'SEMPI', 'id': '15735511425', 'is_private': False, 'is_verified': False, 'profile_pic_url': 'https://scontent-sea5-1.cdninstagram.com/v/t51.2885-19/472958041_1124266398709807_7968108831669067909_n.jpg?stp=dst-jpg_e0_s150x150_tt6&efg=eyJ2ZW5jb2RlX3RhZyI6InByb2ZpbGVfcGljLmRqYW5nby4xMDAwLmMyIn0&_nc_ht=scontent-sea5-1.cdninstagram.com&_nc_cat=107&_nc_oc=Q6cZ2QFo4pvtf7Er9DYyo1zHq3O7ODif8IM2osKO9uHZu_AaTzXfOdCVBRsZ4CD2x5zIfWM&_nc_ohc=L110E8D0ZAAQ7kNvwHbjgIz&_nc_gid=lowzQOTrn-1DArc3bMf-fQ&edm=APGXKFABAAAA&ccb=7-5&ig_cache_key=GFnEMBwv_FOrg-4DAIWgSfvDaJRubkULAAAB-ccb7-5&oh=00_AfbPm2zHZEh9em0dWnao30J-018l1B2XcpxuGYSbsrZWRg&oe=68BE07D6&_nc_sid=a8b8e2', 'profile_pic_url_hd': None, 'username': 'sempimulheres'}, {'full_name': 'Iaepi Comunica', 'id': '16595495745', 'is_private': False, 'is_verified': False, 'profile_pic_url': 'https://scontent-sea5-1.cdninstagram.com/v/t51.2885-19/510408528_18099243697559746_356556964119830036_n.jpg?stp=dst-jpg_e0_s150x150_tt6&efg=eyJ2ZW5jb2RlX3RhZyI6InByb2ZpbGVfcGljLmRqYW5nby4xMDgwLmMyIn0&_nc_ht=scontent-sea5-1.cdninstagram.com&_nc_cat=110&_nc_oc=Q6cZ2QFo4pvtf7Er9DYyo1zHq3O7ODif8IM2osKO9uHZu_AaTzXfOdCVBRsZ4CD2x5zIfWM&_nc_ohc=0Ld9p61QmrEQ7kNvwFA9KHH&_nc_gid=lowzQOTrn-1DArc3bMf-fQ&edm=APGXKFABAAAA&ccb=7-5&ig_cache_key=GFA3bB7C2EuPKk1AABTejXSrvvIEbvEnAQAB-ccb7-5&oh=00_Afb2WpipQn19OjmXOR09jBF2Os5X3YWD_ZCz19zXjvmmHg&oe=68BE1ADC&_nc_sid=a8b8e2', 'profile_pic_url_hd': None, 'username': 'isbpi'}, {'full_name': 'Secretaria de SegurancÃßa P√∫blica do Piau√≠', 'id': '22980683539', 'is_private': False, 'is_verified': False, 'profile_pic_url': 'https://scontent-sea1-1.cdninstagram.com/v/t51.2885-19/333307221_1674591663003936_5658706492769914874_n.jpg?stp=dst-jpg_e0_s150x150_tt6&efg=eyJ2ZW5jb2RlX3RhZyI6InByb2ZpbGVfcGljLmRqYW5nby4xMDgwLmMyIn0&_nc_ht=scontent-sea1-1.cdninstagram.com&_nc_cat=100&_nc_oc=Q6cZ2QFo4pvtf7Er9DYyo1zHq3O7ODif8IM2osKO9uHZu_AaTzXfOdCVBRsZ4CD2x5zIfWM&_nc_ohc=uLCcNhfPLFgQ7kNvwGjFdBu&_nc_gid=lowzQOTrn-1DArc3bMf-fQ&edm=APGXKFABAAAA&ccb=7-5&ig_cache_key=GFXd3RMgmTdBCPMFAPpPv-WSw4dObkULAAAB-ccb7-5&oh=00_AfYO4H5nQlntJqlqjkpDHcLqB2ix0cFIwDRkknWGF3kJaA&oe=68BE1972&_nc_sid=a8b8e2', 'profile_pic_url_hd': None, 'username': 'ssppiaui'}, {'full_name': 'Ag√™ncia de Desenvolvimento Habitacional', 'id': '56995478843', 'is_private': False, 'is_verified': True, 'profile_pic_url': 'https://scontent-sea1-1.cdninstagram.com/v/t51.2885-19/532063734_17978607236902844_3627916333857407819_n.jpg?stp=dst-jpg_e0_s150x150_tt6&efg=eyJ2ZW5jb2RlX3RhZyI6InByb2ZpbGVfcGljLmRqYW5nby4xMDgwLmMyIn0&_nc_ht=scontent-sea1-1.cdninstagram.com&_nc_cat=108&_nc_oc=Q6cZ2QFo4pvtf7Er9DYyo1zHq3O7ODif8IM2osKO9uHZu_AaTzXfOdCVBRsZ4CD2x5zIfWM&_nc_ohc=RFdS54CpwS0Q7kNvwGl_WLl&_nc_gid=lowzQOTrn-1DArc3bMf-fQ&edm=APGXKFABAAAA&ccb=7-5&ig_cache_key=GPalth_8b_mxct8-AEuDaCKv8lgybmNDAQAB-ccb7-5&oh=00_AfY2VnRn9ks-AXSZx9Ech7wCon2lh-WdiXiRcKrKLGO1iw&oe=68BE1C8C&_nc_sid=a8b8e2', 'profile_pic_url_hd': None, 'username': 'adhpi_oficial'}, {'full_name': 'Secretaria das Rela√ß√µes Sociais', 'id': '57504133346', 'is_private': False, 'is_verified': False, 'profile_pic_url': 'https://scontent-sea5-1.cdninstagram.com/v/t51.2885-19/472178458_1767730950644258_1345013501855512040_n.jpg?stp=dst-jpg_e0_s150x150_tt6&efg=eyJ2ZW5jb2RlX3RhZyI6InByb2ZpbGVfcGljLmRqYW5nby44NTAuYzIifQ&_nc_ht=scontent-sea5-1.cdninstagram.com&_nc_cat=102&_nc_oc=Q6cZ2QFo4pvtf7Er9DYyo1zHq3O7ODif8IM2osKO9uHZu_AaTzXfOdCVBRsZ4CD2x5zIfWM&_nc_ohc=GGuuFHu7OsEQ7kNvwFvJE9O&_nc_gid=lowzQOTrn-1DArc3bMf-fQ&edm=APGXKFABAAAA&ccb=7-5&ig_cache_key=GBrfJBwiIl-vvUcGAOi1M1yncqoSbkULAAAB-ccb7-5&oh=00_Afb4bQSjT1Qd9WxALZwGQOtzwbyDCDY9eR2c_fjEBvx5vQ&oe=68BE156D&_nc_sid=a8b8e2', 'profile_pic_url_hd': None, 'username': 'serespiaui'}, {'full_name': 'Secid-PI', 'id': '57919073369', 'is_private': False, 'is_verified': False, 'profile_pic_url': 'https://scontent-sea5-1.cdninstagram.com/v/t51.2885-19/361373312_233736496228899_7064649254044855031_n.jpg?stp=dst-jpg_e0_s150x150_tt6&efg=eyJ2ZW5jb2RlX3RhZyI6InByb2ZpbGVfcGljLmRqYW5nby41MDUuYzIifQ&_nc_ht=scontent-sea5-1.cdninstagram.com&_nc_cat=103&_nc_oc=Q6cZ2QFo4pvtf7Er9DYyo1zHq3O7ODif8IM2osKO9uHZu_AaTzXfOdCVBRsZ4CD2x5zIfWM&_nc_ohc=d9sE2Z-K8QYQ7kNvwEbWO5t&_nc_gid=lowzQOTrn-1DArc3bMf-fQ&edm=APGXKFABAAAA&ccb=7-5&ig_cache_key=GIAeihUjKtQEldQAAPdqEgIRrQpibkULAAAB-ccb7-5&oh=00_AfaRL-K2KSDbTCJndcxtfAdfK8DtWlLUMsbIYNr5XitXGQ&oe=68BDFD91&_nc_sid=a8b8e2', 'profile_pic_url_hd': None, 'username': 'secidpiaui'}, {'full_name': 'ReDUS', 'id': '61847676279', 'is_private': False, 'is_verified': False, 'profile_pic_url': 'https://scontent-sea5-1.cdninstagram.com/v/t51.2885-19/380752924_227660596626502_4557394014034098801_n.jpg?stp=dst-jpg_e0_s150x150_tt6&efg=eyJ2ZW5jb2RlX3RhZyI6InByb2ZpbGVfcGljLmRqYW5nby40MzEuYzIifQ&_nc_ht=scontent-sea5-1.cdninstagram.com&_nc_cat=110&_nc_oc=Q6cZ2QFo4pvtf7Er9DYyo1zHq3O7ODif8IM2osKO9uHZu_AaTzXfOdCVBRsZ4CD2x5zIfWM&_nc_ohc=3aZwpTnlyqQQ7kNvwESdGJH&_nc_gid=lowzQOTrn-1DArc3bMf-fQ&edm=APGXKFABAAAA&ccb=7-5&ig_cache_key=GBzUsRZGxP1cDs8AAHF6-qu1HT8-bkULAAAB-ccb7-5&oh=00_AfYQD9N5r6bOpki-AkT1NMSe0PfatTu_rcoHOYaqUBdUxQ&oe=68BE1BF9&_nc_sid=a8b8e2', 'profile_pic_url_hd': None, 'username': 'redus.br'}, {'full_name': 'Sec. de IA, Economia Digital, Ci√™ncia, Tecnologia e Inova√ß√£o', 'id': '67089963957', 'is_private': False, 'is_verified': False, 'profile_pic_url': 'https://scontent-sea5-1.cdninstagram.com/v/t51.2885-19/465971814_1099705271539827_5999879887919060991_n.jpg?stp=dst-jpg_e0_s150x150_tt6&efg=eyJ2ZW5jb2RlX3RhZyI6InByb2ZpbGVfcGljLmRqYW5nby42ODQuYzIifQ&_nc_ht=scontent-sea5-1.cdninstagram.com&_nc_cat=103&_nc_oc=Q6cZ2QFo4pvtf7Er9DYyo1zHq3O7ODif8IM2osKO9uHZu_AaTzXfOdCVBRsZ4CD2x5zIfWM&_nc_ohc=EHUQphoa914Q7kNvwFBydL_&_nc_gid=lowzQOTrn-1DArc3bMf-fQ&edm=APGXKFABAAAA&ccb=7-5&ig_cache_key=GGYqxhtzWBEWLegDAP8XbSb42kNTbkULAAAB-ccb7-5&oh=00_AfaU738c8QejquSJf8gzmjZDJKA-mlcSbD7c0SBFJbiAvQ&oe=68BE0DF7&_nc_sid=a8b8e2', 'profile_pic_url_hd': None, 'username': 'sia.piaui'}, {'full_name': 'Sead Piau√≠', 'id': '7480687368', 'is_private': False, 'is_verified': False, 'profile_pic_url': 'https://scontent-sea5-1.cdninstagram.com/v/t51.2885-19/442419276_1120606765812403_6780265994530713598_n.jpg?stp=dst-jpg_e0_s150x150_tt6&efg=eyJ2ZW5jb2RlX3RhZyI6InByb2ZpbGVfcGljLmRqYW5nby4xMDAwLmMyIn0&_nc_ht=scontent-sea5-1.cdninstagram.com&_nc_cat=107&_nc_oc=Q6cZ2QFo4pvtf7Er9DYyo1zHq3O7ODif8IM2osKO9uHZu_AaTzXfOdCVBRsZ4CD2x5zIfWM&_nc_ohc=punxIPPzXv0Q7kNvwFeuA95&_nc_gid=lowzQOTrn-1DArc3bMf-fQ&edm=APGXKFABAAAA&ccb=7-5&ig_cache_key=GEzIXhqzijWYL-sDAP7vqab-VxhebkULAAAB-ccb7-5&oh=00_AfbB1kR170HaHkD4SZ6EGd1O80vOOjdG5xkMLKIE0CpR2w&oe=68BE2B98&_nc_sid=a8b8e2', 'profile_pic_url_hd': None, 'username': 'sead.pi'}]",Positivo
https://www.instagram.com/p/DNkx2yYAgp9/,"Nesta segunda-feira, nosso coordenador @daltondittz e outros pesquisadores da proposta (@labcancer_ufpi @lapgenic @vladimircs ) estiveram presente na 1¬™ reuni√£o do INCT com a @fapepiaui e @sia.piaui . O encontro teve como tema central a constru√ß√£o de parcerias para a implanta√ß√£o do 1¬∫ Instituto de Oncologia Translacional e Terapias G√™nicas do Piau√≠, que ser√° direcionado a pesquisas pr√©-cl√≠nicas e cl√≠nicas voltadas ao diagn√≥stico e tratamento do c√¢ncer.",2025-08-20T11:11:08.000Z,72.0,5,lafan_ufpi,"[{'full_name': 'FAPEPI', 'id': '10212372890', 'is_private': False, 'is_verified': False, 'profile_pic_url': 'https://scontent-sea5-1.cdninstagram.com/v/t51.2885-19/505740754_18170796193340891_9104517416308145761_n.jpg?stp=dst-jpg_e0_s150x150_tt6&efg=eyJ2ZW5jb2RlX3RhZyI6InByb2ZpbGVfcGljLmRqYW5nby45MTQuYzIifQ&_nc_ht=scontent-sea5-1.cdninstagram.com&_nc_cat=111&_nc_oc=Q6cZ2QFo4pvtf7Er9DYyo1zHq3O7ODif8IM2osKO9uHZu_AaTzXfOdCVBRsZ4CD2x5zIfWM&_nc_ohc=irB2Rbb410YQ7kNvwEOEerA&_nc_gid=lowzQOTrn-1DArc3bMf-fQ&edm=APGXKFABAAAA&ccb=7-5&ig_cache_key=GNL9JB7b3WMsPo5AAGF_ZzJavll_bvEnAQAB-ccb7-5&oh=00_AfZmMc9sUVjTY8EnecQ6bAOFkMSzlCBSYBecRjuK7gjg9g&oe=68BE062D&_nc_sid=a8b8e2', 'profile_pic_url_hd': None, 'username': 'fapepiaui'}, {'full_name': 'Vladimir Costa Silva', 'id': '240681379', 'is_private': True, 'is_verified': False, 'profile_pic_url': 'https://scontent-sea5-1.cdninstagram.com/v/t51.2885-19/343408071_199484912936619_7732299759365252393_n.jpg?stp=dst-jpg_e0_s150x150_tt6&efg=eyJ2ZW5jb2RlX3RhZyI6InByb2ZpbGVfcGljLmRqYW5nby45NTguYzIifQ&_nc_ht=scontent-sea5-1.cdninstagram.com&_nc_cat=103&_nc_oc=Q6cZ2QFo4pvtf7Er9DYyo1zHq3O7ODif8IM2osKO9uHZu_AaTzXfOdCVBRsZ4CD2x5zIfWM&_nc_ohc=3GcdxFMDrhUQ7kNvwH7cUlk&_nc_gid=lowzQOTrn-1DArc3bMf-fQ&edm=APGXKFABAAAA&ccb=7-5&ig_cache_key=GMf9dxSrpl8zbrUAACnlzeWppU5rbkULAAAB-ccb7-5&oh=00_AfasVlzOSKazOMXaz1YZ2FO8zXjJ5gb4042XgnAoFmme3w&oe=68BE1AE8&_nc_sid=a8b8e2', 'profile_pic_url_hd': None, 'username': 'vladimircs'}, {'full_name': 'Dalton Dittz', 'id': '2899262115', 'is_private': True, 'is_verified': False, 'profile_pic_url': 'https://scontent-sea1-1.cdninstagram.com/v/t51.2885-19/329456621_703179488156761_5164001296982637723_n.jpg?stp=dst-jpg_e0_s150x150_tt6&efg=eyJ2ZW5jb2RlX3RhZyI6InByb2ZpbGVfcGljLmRqYW5nby43NTAuYzIifQ&_nc_ht=scontent-sea1-1.cdninstagram.com&_nc_cat=101&_nc_oc=Q6cZ2QFo4pvtf7Er9DYyo1zHq3O7ODif8IM2osKO9uHZu_AaTzXfOdCVBRsZ4CD2x5zIfWM&_nc_ohc=vI8amxzk_VUQ7kNvwEgNfvF&_nc_gid=lowzQOTrn-1DArc3bMf-fQ&edm=APGXKFABAAAA&ccb=7-5&ig_cache_key=GO0boxNZ3Jq7iX8CAJt8Ts7RN6pHbkULAAAB-ccb7-5&oh=00_AfatHeOzLxtGz0oE7yKLM2eHHseSJTwo73mu9DehCqmA5w&oe=68BE0FC6&_nc_sid=a8b8e2', 'profile_pic_url_hd': None, 'username': 'daltondittz'}, {'full_name': 'LaboratoÃÅrio de Cancerologia', 'id': '46920997291', 'is_private': False, 'is_verified': False, 'profile_pic_url': 'https://scontent-sea1-1.cdninstagram.com/v/t51.2885-19/290166150_708238187099766_8787086002611384187_n.jpg?stp=dst-jpg_e0_s150x150_tt6&efg=eyJ2ZW5jb2RlX3RhZyI6InByb2ZpbGVfcGljLmRqYW5nby44NjEuYzIifQ&_nc_ht=scontent-sea1-1.cdninstagram.com&_nc_cat=106&_nc_oc=Q6cZ2QFo4pvtf7Er9DYyo1zHq3O7ODif8IM2osKO9uHZu_AaTzXfOdCVBRsZ4CD2x5zIfWM&_nc_ohc=od2FprWYXdMQ7kNvwGihdGx&_nc_gid=lowzQOTrn-1DArc3bMf-fQ&edm=APGXKFABAAAA&ccb=7-5&ig_cache_key=GIaVSxF29o6NI4QCAHtvddQpAPJ5bkULAAAB-ccb7-5&oh=00_AfbnKvlRAlPr_c72AcnffYrXdooyvON6Vb0JEE3FjwdX9A&oe=68BE0FC3&_nc_sid=a8b8e2', 'profile_pic_url_hd': None, 'username': 'labcancer_ufpi'}, {'full_name': 'Laborat√≥rio de Pesquisa em Gen√©tica Toxicol√≥gica', 'id': '59250011881', 'is_private': False, 'is_verified': False, 'profile_pic_url': 'https://scontent-sea5-1.cdninstagram.com/v/t51.2885-19/345440260_606890141383755_878938620210556485_n.jpg?stp=dst-jpg_e0_s150x150_tt6&efg=eyJ2ZW5jb2RlX3RhZyI6InByb2ZpbGVfcGljLmRqYW5nby4xMDgwLmMyIn0&_nc_ht=scontent-sea5-1.cdninstagram.com&_nc_cat=103&_nc_oc=Q6cZ2QFo4pvtf7Er9DYyo1zHq3O7ODif8IM2osKO9uHZu_AaTzXfOdCVBRsZ4CD2x5zIfWM&_nc_ohc=UNmAOVmU_30Q7kNvwGhACOb&_nc_gid=lowzQOTrn-1DArc3bMf-fQ&edm=APGXKFABAAAA&ccb=7-5&ig_cache_key=GAQAlxRLfEuf9icCAEWuBa0EnjIMbkULAAAB-ccb7-5&oh=00_AfY83kd94rPHgvcP_HX38UVcWkA_7vgju8nryqvlPbC2ig&oe=68BE1E09&_nc_sid=a8b8e2', 'profile_pic_url_hd': None, 'username': 'lapgenic'}, {'full_name': 'Sec. de IA, Economia Digital, Ci√™ncia, Tecnologia e Inova√ß√£o', 'id': '67089963957', 'is_private': False, 'is_verified': False, 'profile_pic_url': 'https://scontent-sea5-1.cdninstagram.com/v/t51.2885-19/465971814_1099705271539827_5999879887919060991_n.jpg?stp=dst-jpg_e0_s150x150_tt6&efg=eyJ2ZW5jb2RlX3RhZyI6InByb2ZpbGVfcGljLmRqYW5nby42ODQuYzIifQ&_nc_ht=scontent-sea5-1.cdninstagram.com&_nc_cat=103&_nc_oc=Q6cZ2QFo4pvtf7Er9DYyo1zHq3O7ODif8IM2osKO9uHZu_AaTzXfOdCVBRsZ4CD2x5zIfWM&_nc_ohc=EHUQphoa914Q7kNvwFBydL_&_nc_gid=lowzQOTrn-1DArc3bMf-fQ&edm=APGXKFABAAAA&ccb=7-5&ig_cache_key=GGYqxhtzWBEWLegDAP8XbSb42kNTbkULAAAB-ccb7-5&oh=00_AfaU738c8QejquSJf8gzmjZDJKA-mlcSbD7c0SBFJbiAvQ&oe=68BE0DF7&_nc_sid=a8b8e2', 'profile_pic_url_hd': None, 'username': 'sia.piaui'}]",Positivo
https://www.instagram.com/p/DNjRmC3P7nd/,"Representando o @governodopiaui atrav√©s da @seplan_pi no 2¬∫ dia do 4¬∫ Congresso das Cidades. Evento realizado pela @tvcidadeverde e @sebraepi.
O evento conta com a participa√ß√£o ativa de √≥rg√£os do Estado em sua diversa programa√ß√£o , como @segovpiaui @seplan_pi @sia.piaui @etipi.pi @semarhpiauioficial @badespi_ @investe.piaui @seducpi @ssppiaui @sesapiresponde @sead.pi @agrespipiaui @derpiauioficial @pactopelascriancaspi @defesacivilpi @sefazpi dentre outras inst√¢ncias e empresas.",2025-08-19T21:09:59.000Z,80.0,7,roxane_firmeza,"[{'full_name': 'Secretaria de Governo do Piau√≠', 'id': '15264869190', 'is_private': False, 'is_verified': False, 'profile_pic_url': 'https://scontent-sea1-1.cdninstagram.com/v/t51.2885-19/333977606_1039485844106412_7548681151490213789_n.jpg?stp=dst-jpg_e0_s150x150_tt6&efg=eyJ2ZW5jb2RlX3RhZyI6InByb2ZpbGVfcGljLmRqYW5nby4zOTcuYzIifQ&_nc_ht=scontent-sea1-1.cdninstagram.com&_nc_cat=100&_nc_oc=Q6cZ2QFo4pvtf7Er9DYyo1zHq3O7ODif8IM2osKO9uHZu_AaTzXfOdCVBRsZ4CD2x5zIfWM&_nc_ohc=6yNS_bx1WmwQ7kNvwGb1R7e&_nc_gid=lowzQOTrn-1DArc3bMf-fQ&edm=APGXKFABAAAA&ccb=7-5&ig_cache_key=GAYY6BOsrHwoaLEDAJ3HQj2DTcJobkULAAAB-ccb7-5&oh=00_Afb_PhFmSc5k8I7taBYD4vD62aiMbxKD5FFJtux7TowmVw&oe=68BE3418&_nc_sid=a8b8e2', 'profile_pic_url_hd': None, 'username': 'segovpiaui'}, {'full_name': 'LuiÃÅsa Sobral', 'id': '1673294635', 'is_private': True, 'is_verified': False, 'profile_pic_url': 'https://scontent-sea1-1.cdninstagram.com/v/t51.2885-19/483604187_627320423379541_4761938328503076040_n.jpg?stp=dst-jpg_e0_s150x150_tt6&efg=eyJ2ZW5jb2RlX3RhZyI6InByb2ZpbGVfcGljLmRqYW5nby4xMDgwLmMyIn0&_nc_ht=scontent-sea1-1.cdninstagram.com&_nc_cat=101&_nc_oc=Q6cZ2QFo4pvtf7Er9DYyo1zHq3O7ODif8IM2osKO9uHZu_AaTzXfOdCVBRsZ4CD2x5zIfWM&_nc_ohc=3lPz-vurq1sQ7kNvwH_ag5m&_nc_gid=lowzQOTrn-1DArc3bMf-fQ&edm=APGXKFABAAAA&ccb=7-5&ig_cache_key=GNs20xxV8v5qizoCAMhEvhCuzRVCbkULAAAB-ccb7-5&oh=00_AfbPQYZxu_0yKJaKcoROKoGky7X7A_pz4MeC0Ua4DajHWg&oe=68BE323D&_nc_sid=a8b8e2', 'profile_pic_url_hd': None, 'username': 'lusbrl'}, {'full_name': 'Roxane Firmeza', 'id': '179340387', 'is_private': False, 'is_verified': False, 'profile_pic_url': 'https://scontent-sea1-1.cdninstagram.com/v/t51.2885-19/537817653_18520984783012388_1887740732324317728_n.jpg?stp=dst-jpg_e0_s150x150_tt6&efg=eyJ2ZW5jb2RlX3RhZyI6InByb2ZpbGVfcGljLmRqYW5nby4xMDgwLmMyIn0&_nc_ht=scontent-sea1-1.cdninstagram.com&_nc_cat=108&_nc_oc=Q6cZ2QFo4pvtf7Er9DYyo1zHq3O7ODif8IM2osKO9uHZu_AaTzXfOdCVBRsZ4CD2x5zIfWM&_nc_ohc=FkCO3p4CPR8Q7kNvwGFjaUN&_nc_gid=lowzQOTrn-1DArc3bMf-fQ&edm=APGXKFABAAAA&ccb=7-5&ig_cache_key=GDVyDiAkwuHOvMxBACAKOsIxmjIabmNDAQAB-ccb7-5&oh=00_AfYv6rx1AtZidwRUsGfAEy6MmnQosAtbrqv5MRU9lsy3MA&oe=68BE1446&_nc_sid=a8b8e2', 'profile_pic_url_hd': None, 'username': 'roox_f'}, {'full_name': 'ZeÃÅ Filho Andrade', 'id': '260131534', 'is_private': True, 'is_verified': False, 'profile_pic_url': 'https://scontent-sea5-1.cdninstagram.com/v/t51.2885-19/527596541_18530053114035535_5033179716241900508_n.jpg?stp=dst-jpg_e0_s150x150_tt6&efg=eyJ2ZW5jb2RlX3RhZyI6InByb2ZpbGVfcGljLmRqYW5nby4xMDgwLmMyIn0&_nc_ht=scontent-sea5-1.cdninstagram.com&_nc_cat=107&_nc_oc=Q6cZ2QFo4pvtf7Er9DYyo1zHq3O7ODif8IM2osKO9uHZu_AaTzXfOdCVBRsZ4CD2x5zIfWM&_nc_ohc=Y2Hgk8LHC-IQ7kNvwFs1Htq&_nc_gid=lowzQOTrn-1DArc3bMf-fQ&edm=APGXKFABAAAA&ccb=7-5&ig_cache_key=GP17ch9P-Ycx-NRBANzDTPVIctlFbmNDAQAB-ccb7-5&oh=00_AfZQuMA_oN-G25F8lcbYrR5tD0YEc9ar1zmXm6nNWcKVAg&oe=68BE295E&_nc_sid=a8b8e2', 'profile_pic_url_hd': None, 'username': 'zehfilhoandrade'}, {'full_name': '4¬∫ CONGRESSO DAS CIDADES DO PIAU√ç', 'id': '58709889335', 'is_private': False, 'is_verified': False, 'profile_pic_url': 'https://scontent-sea1-1.cdninstagram.com/v/t51.2885-19/503545246_17954888522953336_2498815979293793741_n.jpg?stp=dst-jpg_e0_s150x150_tt6&efg=eyJ2ZW5jb2RlX3RhZyI6InByb2ZpbGVfcGljLmRqYW5nby4xMDgwLmMyIn0&_nc_ht=scontent-sea1-1.cdninstagram.com&_nc_cat=104&_nc_oc=Q6cZ2QFo4pvtf7Er9DYyo1zHq3O7ODif8IM2osKO9uHZu_AaTzXfOdCVBRsZ4CD2x5zIfWM&_nc_ohc=kh6JRMRFx4YQ7kNvwHzF4-w&_nc_gid=lowzQOTrn-1DArc3bMf-fQ&edm=APGXKFABAAAA&ccb=7-5&ig_cache_key=GJ59Ax54cmRA4Mk-AM1d4NTkk60ibvEnAQAB-ccb7-5&oh=00_Afb2yjkbh6jcncMlT6GRUAbso1E9SgrYLMrAPcOs0NiWEA&oe=68BE31B6&_nc_sid=a8b8e2', 'profile_pic_url_hd': None, 'username': 'congressodascidades'}, {'full_name': 'Sec. de IA, Economia Digital, Ci√™ncia, Tecnologia e Inova√ß√£o', 'id': '67089963957', 'is_private': False, 'is_verified': False, 'profile_pic_url': 'https://scontent-sea5-1.cdninstagram.com/v/t51.2885-19/465971814_1099705271539827_5999879887919060991_n.jpg?stp=dst-jpg_e0_s150x150_tt6&efg=eyJ2ZW5jb2RlX3RhZyI6InByb2ZpbGVfcGljLmRqYW5nby42ODQuYzIifQ&_nc_ht=scontent-sea5-1.cdninstagram.com&_nc_cat=103&_nc_oc=Q6cZ2QFo4pvtf7Er9DYyo1zHq3O7ODif8IM2osKO9uHZu_AaTzXfOdCVBRsZ4CD2x5zIfWM&_nc_ohc=EHUQphoa914Q7kNvwFBydL_&_nc_gid=lowzQOTrn-1DArc3bMf-fQ&edm=APGXKFABAAAA&ccb=7-5&ig_cache_key=GGYqxhtzWBEWLegDAP8XbSb42kNTbkULAAAB-ccb7-5&oh=00_AfaU738c8QejquSJf8gzmjZDJKA-mlcSbD7c0SBFJbiAvQ&oe=68BE0DF7&_nc_sid=a8b8e2', 'profile_pic_url_hd': None, 'username': 'sia.piaui'}, {'full_name': 'Surpi - Superintend√™ncia da Representa√ß√£o do Estado do Piau√≠', 'id': '75956668003', 'is_private': False, 'is_verified': False, 'profile_pic_url': 'https://scontent-sea1-1.cdninstagram.com/v/t51.2885-19/520172901_17845290216532004_5302599212479252005_n.jpg?stp=dst-jpg_e0_s150x150_tt6&efg=eyJ2ZW5jb2RlX3RhZyI6InByb2ZpbGVfcGljLmRqYW5nby4xMDgwLmMyIn0&_nc_ht=scontent-sea1-1.cdninstagram.com&_nc_cat=108&_nc_oc=Q6cZ2QFo4pvtf7Er9DYyo1zHq3O7ODif8IM2osKO9uHZu_AaTzXfOdCVBRsZ4CD2x5zIfWM&_nc_ohc=9vEalJIPjd8Q7kNvwEqMrt6&_nc_gid=lowzQOTrn-1DArc3bMf-fQ&edm=APGXKFABAAAA&ccb=7-5&ig_cache_key=GGU1AR8kKEVoMmY-ACWGF67jnZZJbmNDAQAB-ccb7-5&oh=00_AfY1ePKVFdw_tR566kvv5WGYnxmWmIjZGtYmDK-wOYaqdg&oe=68BE2DE7&_nc_sid=a8b8e2', 'profile_pic_url_hd': None, 'username': 'surpioficial'}, {'full_name': 'Secretaria de Estado do Planejamento do Piau√≠', 'id': '9008085879', 'is_private': False, 'is_verified': False, 'profile_pic_url': 'https://scontent-sea5-1.cdninstagram.com/v/t51.2885-19/466137755_548263628061317_3201358545438930184_n.jpg?stp=dst-jpg_e0_s150x150_tt6&efg=eyJ2ZW5jb2RlX3RhZyI6InByb2ZpbGVfcGljLmRqYW5nby43NjguYzIifQ&_nc_ht=scontent-sea5-1.cdninstagram.com&_nc_cat=105&_nc_oc=Q6cZ2QFo4pvtf7Er9DYyo1zHq3O7ODif8IM2osKO9uHZu_AaTzXfOdCVBRsZ4CD2x5zIfWM&_nc_ohc=joJ7dmL7nY0Q7kNvwF7oCmr&_nc_gid=lowzQOTrn-1DArc3bMf-fQ&edm=APGXKFABAAAA&ccb=7-5&ig_cache_key=GJuyyBuFOsuSpPIBAAh1jLOigm0sbkULAAAB-ccb7-5&oh=00_AfaoszxRXqJVPQaCYZhVuba7drCPkoMw86A22N6cn2EGcw&oe=68BE125A&_nc_sid=a8b8e2', 'profile_pic_url_hd': None, 'username': 'seplan_pi'}]",Neutro
https://www.instagram.com/p/DNf6oBlN6vW/,"üì≤ ETIPI no Congresso das Cidades do Piau√≠ com o painel ‚ÄúTecnologia, Intelig√™ncia Artificial e Participa√ß√£o Social no Setor P√∫blico: inova√ß√£o que transforma governos‚Äù, marcando presen√ßa com estande interativo e portf√≥lio de solu√ß√µes em governan√ßa digital ao lado da @sia.piaui  e @seplan_pi.

Nesta segunda (18), o presidente @ellengera estar√° ao lado do secret√°rio de Planejamento, @washbonfim, e do secret√°rio de Intelig√™ncia Artificial, @prof.andremacedo, destacando mais de 400 servi√ßos digitais gratuitos que aproximam governo e cidad√£o, como:

	üì± SEI (Sistema Eletr√¥nico de Informa√ß√µes), que elimina o uso do papel e moderniza processos administrativos
	üì± Piau√≠ Sa√∫de Digital, que conecta pacientes, profissionais e unidades de sa√∫de em um atendimento mais √°gil e integrado
	üì± Aplicativos, plataformas e solu√ß√µes que simplificam o dia a dia da popula√ß√£o

üìç De 18 a 20 de agosto, no Teresina Shopping.

üíª Acompanhe as atualiza√ß√µes do evento no IG @congressodascidades.

üí°üöÄ Inova√ß√£o, conectividade e gest√£o moderna a servi√ßo do futuro dos munic√≠pios piauienses.",2025-08-18T13:51:33.000Z,109.0,0,etipi.pi,"[{'full_name': '4¬∫ CONGRESSO DAS CIDADES DO PIAU√ç', 'id': '58709889335', 'is_private': False, 'is_verified': False, 'profile_pic_url': 'https://scontent-sea1-1.cdninstagram.com/v/t51.2885-19/503545246_17954888522953336_2498815979293793741_n.jpg?stp=dst-jpg_e0_s150x150_tt6&efg=eyJ2ZW5jb2RlX3RhZyI6InByb2ZpbGVfcGljLmRqYW5nby4xMDgwLmMyIn0&_nc_ht=scontent-sea1-1.cdninstagram.com&_nc_cat=104&_nc_oc=Q6cZ2QFo4pvtf7Er9DYyo1zHq3O7ODif8IM2osKO9uHZu_AaTzXfOdCVBRsZ4CD2x5zIfWM&_nc_ohc=kh6JRMRFx4YQ7kNvwHzF4-w&_nc_gid=lowzQOTrn-1DArc3bMf-fQ&edm=APGXKFABAAAA&ccb=7-5&ig_cache_key=GJ59Ax54cmRA4Mk-AM1d4NTkk60ibvEnAQAB-ccb7-5&oh=00_Afb2yjkbh6jcncMlT6GRUAbso1E9SgrYLMrAPcOs0NiWEA&oe=68BE31B6&_nc_sid=a8b8e2', 'profile_pic_url_hd': None, 'username': 'congressodascidades'}, {'full_name': 'Sec. de IA, Economia Digital, Ci√™ncia, Tecnologia e Inova√ß√£o', 'id': '67089963957', 'is_private': False, 'is_verified': False, 'profile_pic_url': 'https://scontent-sea5-1.cdninstagram.com/v/t51.2885-19/465971814_1099705271539827_5999879887919060991_n.jpg?stp=dst-jpg_e0_s150x150_tt6&efg=eyJ2ZW5jb2RlX3RhZyI6InByb2ZpbGVfcGljLmRqYW5nby42ODQuYzIifQ&_nc_ht=scontent-sea5-1.cdninstagram.com&_nc_cat=103&_nc_oc=Q6cZ2QFo4pvtf7Er9DYyo1zHq3O7ODif8IM2osKO9uHZu_AaTzXfOdCVBRsZ4CD2x5zIfWM&_nc_ohc=EHUQphoa914Q7kNvwFBydL_&_nc_gid=lowzQOTrn-1DArc3bMf-fQ&edm=APGXKFABAAAA&ccb=7-5&ig_cache_key=GGYqxhtzWBEWLegDAP8XbSb42kNTbkULAAAB-ccb7-5&oh=00_AfaU738c8QejquSJf8gzmjZDJKA-mlcSbD7c0SBFJbiAvQ&oe=68BE0DF7&_nc_sid=a8b8e2', 'profile_pic_url_hd': None, 'username': 'sia.piaui'}, {'full_name': 'Secretaria de Estado do Planejamento do Piau√≠', 'id': '9008085879', 'is_private': False, 'is_verified': False, 'profile_pic_url': 'https://scontent-sea5-1.cdninstagram.com/v/t51.2885-19/466137755_548263628061317_3201358545438930184_n.jpg?stp=dst-jpg_e0_s150x150_tt6&efg=eyJ2ZW5jb2RlX3RhZyI6InByb2ZpbGVfcGljLmRqYW5nby43NjguYzIifQ&_nc_ht=scontent-sea5-1.cdninstagram.com&_nc_cat=105&_nc_oc=Q6cZ2QFo4pvtf7Er9DYyo1zHq3O7ODif8IM2osKO9uHZu_AaTzXfOdCVBRsZ4CD2x5zIfWM&_nc_ohc=joJ7dmL7nY0Q7kNvwF7oCmr&_nc_gid=lowzQOTrn-1DArc3bMf-fQ&edm=APGXKFABAAAA&ccb=7-5&ig_cache_key=GJuyyBuFOsuSpPIBAAh1jLOigm0sbkULAAAB-ccb7-5&oh=00_AfaoszxRXqJVPQaCYZhVuba7drCPkoMw86A22N6cn2EGcw&oe=68BE125A&_nc_sid=a8b8e2', 'profile_pic_url_hd': None, 'username': 'seplan_pi'}]",Positivo
https://www.instagram.com/p/DNYxdf7uUS6/,"‚òï Hoje foi dia de Caf√© Inova!

Junto da Secretaria de Intelig√™ncia Artificial e Secretaria de Seguran√ßa P√∫blica, tivemos uma troca de conhecimentos com o tema:
‚ÄúPor que criar um n√∫cleo de inova√ß√£o transforma √≥rg√£os p√∫blicos? Li√ß√µes e exemplos pr√°ticos.‚Äù

Foi um momento de aprendizado, inspira√ß√£o e conex√µes em prol da inova√ß√£o no setor p√∫blico.",2025-08-15T19:18:27.000Z,23.0,0,sead.pi,"[{'full_name': 'Carolina Guimaraes', 'id': '14746065413', 'is_private': False, 'is_verified': False, 'profile_pic_url': 'https://scontent-sea1-1.cdninstagram.com/v/t51.2885-19/420127884_776772210958794_2971552738321472230_n.jpg?stp=dst-jpg_e0_s150x150_tt6&efg=eyJ2ZW5jb2RlX3RhZyI6InByb2ZpbGVfcGljLmRqYW5nby42MDAuYzIifQ&_nc_ht=scontent-sea1-1.cdninstagram.com&_nc_cat=106&_nc_oc=Q6cZ2QFo4pvtf7Er9DYyo1zHq3O7ODif8IM2osKO9uHZu_AaTzXfOdCVBRsZ4CD2x5zIfWM&_nc_ohc=oZ7NAzrW2kIQ7kNvwHKpoDA&_nc_gid=lowzQOTrn-1DArc3bMf-fQ&edm=APGXKFABAAAA&ccb=7-5&ig_cache_key=GIykChnKobRfeMICAOaa-bZ4Ez0pbkULAAAB-ccb7-5&oh=00_AfYJX0YqKBm0fcPN0sxWSSm68ulEdbIsfMjJ2xYjQwEoLA&oe=68BE32DA&_nc_sid=a8b8e2', 'profile_pic_url_hd': None, 'username': 'adm_carolina_'}, {'full_name': 'Secretaria de SegurancÃßa P√∫blica do Piau√≠', 'id': '22980683539', 'is_private': False, 'is_verified': False, 'profile_pic_url': 'https://scontent-sea1-1.cdninstagram.com/v/t51.2885-19/333307221_1674591663003936_5658706492769914874_n.jpg?stp=dst-jpg_e0_s150x150_tt6&efg=eyJ2ZW5jb2RlX3RhZyI6InByb2ZpbGVfcGljLmRqYW5nby4xMDgwLmMyIn0&_nc_ht=scontent-sea1-1.cdninstagram.com&_nc_cat=100&_nc_oc=Q6cZ2QFo4pvtf7Er9DYyo1zHq3O7ODif8IM2osKO9uHZu_AaTzXfOdCVBRsZ4CD2x5zIfWM&_nc_ohc=uLCcNhfPLFgQ7kNvwGjFdBu&_nc_gid=lowzQOTrn-1DArc3bMf-fQ&edm=APGXKFABAAAA&ccb=7-5&ig_cache_key=GFXd3RMgmTdBCPMFAPpPv-WSw4dObkULAAAB-ccb7-5&oh=00_AfYO4H5nQlntJqlqjkpDHcLqB2ix0cFIwDRkknWGF3kJaA&oe=68BE1972&_nc_sid=a8b8e2', 'profile_pic_url_hd': None, 'username': 'ssppiaui'}, {'full_name': 'Joaquim Carvalho Filho', 'id': '4244542042', 'is_private': True, 'is_verified': False, 'profile_pic_url': 'https://scontent-sea5-1.cdninstagram.com/v/t51.2885-19/531013111_18397396291142043_7339532108282362604_n.jpg?stp=dst-jpg_e0_s150x150_tt6&efg=eyJ2ZW5jb2RlX3RhZyI6InByb2ZpbGVfcGljLmRqYW5nby4xMDgwLmMyIn0&_nc_ht=scontent-sea5-1.cdninstagram.com&_nc_cat=103&_nc_oc=Q6cZ2QFo4pvtf7Er9DYyo1zHq3O7ODif8IM2osKO9uHZu_AaTzXfOdCVBRsZ4CD2x5zIfWM&_nc_ohc=31ljRaB_ssUQ7kNvwFWF_Or&_nc_gid=lowzQOTrn-1DArc3bMf-fQ&edm=APGXKFABAAAA&ccb=7-5&ig_cache_key=GPedph_bwbmeVVxBAOx6vuOQQdtlbmNDAQAB-ccb7-5&oh=00_AfZ3SsYgMns2hyFca_HaMirVxI2UIzgP0DMQ58unCbdOPw&oe=68BE2BB2&_nc_sid=a8b8e2', 'profile_pic_url_hd': None, 'username': 'joakimfc'}, {'full_name': 'Sec. de IA, Economia Digital, Ci√™ncia, Tecnologia e Inova√ß√£o', 'id': '67089963957', 'is_private': False, 'is_verified': False, 'profile_pic_url': 'https://scontent-sea5-1.cdninstagram.com/v/t51.2885-19/465971814_1099705271539827_5999879887919060991_n.jpg?stp=dst-jpg_e0_s150x150_tt6&efg=eyJ2ZW5jb2RlX3RhZyI6InByb2ZpbGVfcGljLmRqYW5nby42ODQuYzIifQ&_nc_ht=scontent-sea5-1.cdninstagram.com&_nc_cat=103&_nc_oc=Q6cZ2QFo4pvtf7Er9DYyo1zHq3O7ODif8IM2osKO9uHZu_AaTzXfOdCVBRsZ4CD2x5zIfWM&_nc_ohc=EHUQphoa914Q7kNvwFBydL_&_nc_gid=lowzQOTrn-1DArc3bMf-fQ&edm=APGXKFABAAAA&ccb=7-5&ig_cache_key=GGYqxhtzWBEWLegDAP8XbSb42kNTbkULAAAB-ccb7-5&oh=00_AfaU738c8QejquSJf8gzmjZDJKA-mlcSbD7c0SBFJbiAvQ&oe=68BE0DF7&_nc_sid=a8b8e2', 'profile_pic_url_hd': None, 'username': 'sia.piaui'}]",Positivo
https://www.instagram.com/p/DNQlPKsOK0g/,"Marque na agenda! üìÖ 

Na pr√≥xima sexta (15/08), √†s 9h, no audit√≥rio da Sead, teremos mais uma edi√ß√£o do Caf√© Inova. 

O tema ser√°: ‚ÄúPor que criar um n√∫cleo de inova√ß√£o transforma √≥rg√£os p√∫blicos? Li√ß√µes e exemplos pr√°ticos‚Äù. 

Venha aprender com a coordenadora de Ecossistema de Inova√ß√£o na SIA, Carolina Guimar√£es, e o Gerente de projetos da SSP- PI, Joaquim Carvalho Filho (SSP-PI), como a inova√ß√£o pode mudar a gest√£o p√∫blica!",2025-08-12T14:56:03.000Z,70.0,3,sead.pi,"[{'full_name': 'Secretaria de SegurancÃßa P√∫blica do Piau√≠', 'id': '22980683539', 'is_private': False, 'is_verified': False, 'profile_pic_url': 'https://scontent-sea1-1.cdninstagram.com/v/t51.2885-19/333307221_1674591663003936_5658706492769914874_n.jpg?stp=dst-jpg_e0_s150x150_tt6&efg=eyJ2ZW5jb2RlX3RhZyI6InByb2ZpbGVfcGljLmRqYW5nby4xMDgwLmMyIn0&_nc_ht=scontent-sea1-1.cdninstagram.com&_nc_cat=100&_nc_oc=Q6cZ2QFo4pvtf7Er9DYyo1zHq3O7ODif8IM2osKO9uHZu_AaTzXfOdCVBRsZ4CD2x5zIfWM&_nc_ohc=uLCcNhfPLFgQ7kNvwGjFdBu&_nc_gid=lowzQOTrn-1DArc3bMf-fQ&edm=APGXKFABAAAA&ccb=7-5&ig_cache_key=GFXd3RMgmTdBCPMFAPpPv-WSw4dObkULAAAB-ccb7-5&oh=00_AfYO4H5nQlntJqlqjkpDHcLqB2ix0cFIwDRkknWGF3kJaA&oe=68BE1972&_nc_sid=a8b8e2', 'profile_pic_url_hd': None, 'username': 'ssppiaui'}, {'full_name': 'Sec. de IA, Economia Digital, Ci√™ncia, Tecnologia e Inova√ß√£o', 'id': '67089963957', 'is_private': False, 'is_verified': False, 'profile_pic_url': 'https://scontent-sea5-1.cdninstagram.com/v/t51.2885-19/465971814_1099705271539827_5999879887919060991_n.jpg?stp=dst-jpg_e0_s150x150_tt6&efg=eyJ2ZW5jb2RlX3RhZyI6InByb2ZpbGVfcGljLmRqYW5nby42ODQuYzIifQ&_nc_ht=scontent-sea5-1.cdninstagram.com&_nc_cat=103&_nc_oc=Q6cZ2QFo4pvtf7Er9DYyo1zHq3O7ODif8IM2osKO9uHZu_AaTzXfOdCVBRsZ4CD2x5zIfWM&_nc_ohc=EHUQphoa914Q7kNvwFBydL_&_nc_gid=lowzQOTrn-1DArc3bMf-fQ&edm=APGXKFABAAAA&ccb=7-5&ig_cache_key=GGYqxhtzWBEWLegDAP8XbSb42kNTbkULAAAB-ccb7-5&oh=00_AfaU738c8QejquSJf8gzmjZDJKA-mlcSbD7c0SBFJbiAvQ&oe=68BE0DF7&_nc_sid=a8b8e2', 'profile_pic_url_hd': None, 'username': 'sia.piaui'}]",Positivo
https://www.instagram.com/p/DNJByQbNSGv/,"Com o CapacitIA, voc√™ aprende utilizar as ferramentas digitais b√°sicas que abrem portas para o mundo.üì≤ 

E hoje foi a vez de Piripiri aprender! O CapacitIA √© uma iniciativa do Or√ßamento Participativo Digital do Piau√≠ em parceria com a Secretaria de Intelig√™ncia Artificial para levar mais conhecimento na palma da sua m√£o. ü´∞‚ú®

ü§ù √â o OPA levando transforma√ß√£o para a popula√ß√£o!",2025-08-09T16:32:09.000Z,24.0,0,opapiaui,"[{'full_name': 'Secretaria das Rela√ß√µes Sociais', 'id': '57504133346', 'is_private': False, 'is_verified': False, 'profile_pic_url': 'https://scontent-sea5-1.cdninstagram.com/v/t51.2885-19/472178458_1767730950644258_1345013501855512040_n.jpg?stp=dst-jpg_e0_s150x150_tt6&efg=eyJ2ZW5jb2RlX3RhZyI6InByb2ZpbGVfcGljLmRqYW5nby44NTAuYzIifQ&_nc_ht=scontent-sea5-1.cdninstagram.com&_nc_cat=102&_nc_oc=Q6cZ2QFo4pvtf7Er9DYyo1zHq3O7ODif8IM2osKO9uHZu_AaTzXfOdCVBRsZ4CD2x5zIfWM&_nc_ohc=GGuuFHu7OsEQ7kNvwFvJE9O&_nc_gid=lowzQOTrn-1DArc3bMf-fQ&edm=APGXKFABAAAA&ccb=7-5&ig_cache_key=GBrfJBwiIl-vvUcGAOi1M1yncqoSbkULAAAB-ccb7-5&oh=00_Afb4bQSjT1Qd9WxALZwGQOtzwbyDCDY9eR2c_fjEBvx5vQ&oe=68BE156D&_nc_sid=a8b8e2', 'profile_pic_url_hd': None, 'username': 'serespiaui'}, {'full_name': 'Sec. de IA, Economia Digital, Ci√™ncia, Tecnologia e Inova√ß√£o', 'id': '67089963957', 'is_private': False, 'is_verified': False, 'profile_pic_url': 'https://scontent-sea5-1.cdninstagram.com/v/t51.2885-19/465971814_1099705271539827_5999879887919060991_n.jpg?stp=dst-jpg_e0_s150x150_tt6&efg=eyJ2ZW5jb2RlX3RhZyI6InByb2ZpbGVfcGljLmRqYW5nby42ODQuYzIifQ&_nc_ht=scontent-sea5-1.cdninstagram.com&_nc_cat=103&_nc_oc=Q6cZ2QFo4pvtf7Er9DYyo1zHq3O7ODif8IM2osKO9uHZu_AaTzXfOdCVBRsZ4CD2x5zIfWM&_nc_ohc=EHUQphoa914Q7kNvwFBydL_&_nc_gid=lowzQOTrn-1DArc3bMf-fQ&edm=APGXKFABAAAA&ccb=7-5&ig_cache_key=GGYqxhtzWBEWLegDAP8XbSb42kNTbkULAAAB-ccb7-5&oh=00_AfaU738c8QejquSJf8gzmjZDJKA-mlcSbD7c0SBFJbiAvQ&oe=68BE0DF7&_nc_sid=a8b8e2', 'profile_pic_url_hd': None, 'username': 'sia.piaui'}, {'full_name': 'Secretaria de Estado do Planejamento do Piau√≠', 'id': '9008085879', 'is_private': False, 'is_verified': False, 'profile_pic_url': 'https://scontent-sea5-1.cdninstagram.com/v/t51.2885-19/466137755_548263628061317_3201358545438930184_n.jpg?stp=dst-jpg_e0_s150x150_tt6&efg=eyJ2ZW5jb2RlX3RhZyI6InByb2ZpbGVfcGljLmRqYW5nby43NjguYzIifQ&_nc_ht=scontent-sea5-1.cdninstagram.com&_nc_cat=105&_nc_oc=Q6cZ2QFo4pvtf7Er9DYyo1zHq3O7ODif8IM2osKO9uHZu_AaTzXfOdCVBRsZ4CD2x5zIfWM&_nc_ohc=joJ7dmL7nY0Q7kNvwF7oCmr&_nc_gid=lowzQOTrn-1DArc3bMf-fQ&edm=APGXKFABAAAA&ccb=7-5&ig_cache_key=GJuyyBuFOsuSpPIBAAh1jLOigm0sbkULAAAB-ccb7-5&oh=00_AfaoszxRXqJVPQaCYZhVuba7drCPkoMw86A22N6cn2EGcw&oe=68BE125A&_nc_sid=a8b8e2', 'profile_pic_url_hd': None, 'username': 'seplan_pi'}]",Positivo
https://www.instagram.com/p/DNHOaw-N8DP/,"O 1¬∫ Semin√°rio Estadual de Compras P√∫blicas para Inova√ß√£o foi um marco para o Piau√≠! üí° 

Durante dois dias, reunimos especialistas para debater como fortalecer nosso ecossistema de inova√ß√£o e tornar as contrata√ß√µes p√∫blicas mais eficientes.

 Obrigado a todos que fizeram parte deste evento hist√≥rico. Juntos, estamos construindo um futuro mais inovador!",2025-08-08T23:44:06.000Z,84.0,5,sead.pi,"[{'full_name': 'Governo do PiauiÃÅ', 'id': '1260145191', 'is_private': False, 'is_verified': True, 'profile_pic_url': 'https://scontent-sea1-1.cdninstagram.com/v/t51.2885-19/539303276_18525291124049192_3252641783862054530_n.jpg?stp=dst-jpg_e0_s150x150_tt6&efg=eyJ2ZW5jb2RlX3RhZyI6InByb2ZpbGVfcGljLmRqYW5nby4xMDAwLmMyIn0&_nc_ht=scontent-sea1-1.cdninstagram.com&_nc_cat=108&_nc_oc=Q6cZ2QFo4pvtf7Er9DYyo1zHq3O7ODif8IM2osKO9uHZu_AaTzXfOdCVBRsZ4CD2x5zIfWM&_nc_ohc=CMN01pf6PBMQ7kNvwERVC-W&_nc_gid=lowzQOTrn-1DArc3bMf-fQ&edm=APGXKFABAAAA&ccb=7-5&ig_cache_key=GGwdJSAoRc90p9BBAILOsBx4tCMtbmNDAQAB-ccb7-5&oh=00_AfZ8MRWBMEsfyTdBUBvzYaGIgGRqwgCqFHPKviYEBRRnAA&oe=68BE05B3&_nc_sid=a8b8e2', 'profile_pic_url_hd': None, 'username': 'governodopiaui'}, {'full_name': 'Sec. de IA, Economia Digital, Ci√™ncia, Tecnologia e Inova√ß√£o', 'id': '67089963957', 'is_private': False, 'is_verified': False, 'profile_pic_url': 'https://scontent-sea5-1.cdninstagram.com/v/t51.2885-19/465971814_1099705271539827_5999879887919060991_n.jpg?stp=dst-jpg_e0_s150x150_tt6&efg=eyJ2ZW5jb2RlX3RhZyI6InByb2ZpbGVfcGljLmRqYW5nby42ODQuYzIifQ&_nc_ht=scontent-sea5-1.cdninstagram.com&_nc_cat=103&_nc_oc=Q6cZ2QFo4pvtf7Er9DYyo1zHq3O7ODif8IM2osKO9uHZu_AaTzXfOdCVBRsZ4CD2x5zIfWM&_nc_ohc=EHUQphoa914Q7kNvwFBydL_&_nc_gid=lowzQOTrn-1DArc3bMf-fQ&edm=APGXKFABAAAA&ccb=7-5&ig_cache_key=GGYqxhtzWBEWLegDAP8XbSb42kNTbkULAAAB-ccb7-5&oh=00_AfaU738c8QejquSJf8gzmjZDJKA-mlcSbD7c0SBFJbiAvQ&oe=68BE0DF7&_nc_sid=a8b8e2', 'profile_pic_url_hd': None, 'username': 'sia.piaui'}, {'full_name': 'Ag√™ncia Brasileira de Desenvolvimento Industrial', 'id': '8430430276', 'is_private': False, 'is_verified': True, 'profile_pic_url': 'https://scontent-sea5-1.cdninstagram.com/v/t51.2885-19/472620128_3927063827516647_6795838363427540671_n.jpg?stp=dst-jpg_e0_s150x150_tt6&efg=eyJ2ZW5jb2RlX3RhZyI6InByb2ZpbGVfcGljLmRqYW5nby4xMDgwLmMyIn0&_nc_ht=scontent-sea5-1.cdninstagram.com&_nc_cat=107&_nc_oc=Q6cZ2QFo4pvtf7Er9DYyo1zHq3O7ODif8IM2osKO9uHZu_AaTzXfOdCVBRsZ4CD2x5zIfWM&_nc_ohc=KxRMTXlK3ZQQ7kNvwHJ43o6&_nc_gid=lowzQOTrn-1DArc3bMf-fQ&edm=APGXKFABAAAA&ccb=7-5&ig_cache_key=GGCcKxznDHPMpPMNAL8OElP8qk9ebkULAAAB-ccb7-5&oh=00_AfbwT1o-TDMvaB5vv9wd9W2H8Ayggt4p7cIR0BoI24H69Q&oe=68BE111B&_nc_sid=a8b8e2', 'profile_pic_url_hd': None, 'username': 'abdi.digital'}]",Positivo
https://www.instagram.com/p/DNGOwvugwo_/,"A equipe do Gabinete Militar marcou presen√ßa no 1¬∫ Semin√°rio Estadual de Contrata√ß√µes P√∫blicas para Inova√ß√£o, realizado nos dias 7 e 8 de agosto, em Teresina. O evento, promovido pela Secretaria da Administra√ß√£o (Sead) em parceria com a Secretaria de Intelig√™ncia Artificial, Economia Digital, Ci√™ncia, Tecnologia e Inova√ß√£o e a ABDI, reuniu gestores p√∫blicos, especialistas em inova√ß√£o, √≥rg√£os de controle e autoridades estaduais e nacionais, com o objetivo de incentivar o uso estrat√©gico das compras governamentais para fomentar solu√ß√µes tecnol√≥gicas e criativas.

Ao longo dos dois dias, foram debatidos temas como contratos p√∫blicos para solu√ß√µes inovadoras (CPSI), sustentabilidade nas contrata√ß√µes e a import√¢ncia da integra√ß√£o entre governo, setor produtivo e institui√ß√µes de pesquisa. A participa√ß√£o do Gabinete Militar refor√ßa o compromisso com pr√°ticas modernas e eficientes em prol do desenvolvimento e da melhoria dos servi√ßos p√∫blicos no Piau√≠.",2025-08-08T14:27:15.000Z,25.0,0,gamilpiaui,"[{'full_name': 'Pol√≠cia Militar Piau√≠ - PMPI', 'id': '2072778840', 'is_private': False, 'is_verified': False, 'profile_pic_url': 'https://scontent-sea5-1.cdninstagram.com/v/t51.2885-19/458476194_896716722304358_6373557333738628834_n.jpg?stp=dst-jpg_e0_s150x150_tt6&efg=eyJ2ZW5jb2RlX3RhZyI6InByb2ZpbGVfcGljLmRqYW5nby4xMDgwLmMyIn0&_nc_ht=scontent-sea5-1.cdninstagram.com&_nc_cat=102&_nc_oc=Q6cZ2QFo4pvtf7Er9DYyo1zHq3O7ODif8IM2osKO9uHZu_AaTzXfOdCVBRsZ4CD2x5zIfWM&_nc_ohc=EK3yDkU6nH4Q7kNvwG4XV0e&_nc_gid=lowzQOTrn-1DArc3bMf-fQ&edm=APGXKFABAAAA&ccb=7-5&ig_cache_key=GKLKUxtmdbIhjy8DAOKmE2GgbHNYbkULAAAB-ccb7-5&oh=00_Afa7WzSdOXTPhvseZ_GhY0yZubBbKEU_xEklN0bvazepgA&oe=68BE31CB&_nc_sid=a8b8e2', 'profile_pic_url_hd': None, 'username': 'pmpi_oficial'}, {'full_name': 'Prof. Andr√© Macedo', 'id': '210324743', 'is_private': False, 'is_verified': False, 'profile_pic_url': 'https://scontent-sea5-1.cdninstagram.com/v/t51.2885-19/476020196_1817783742114955_7739284128173419237_n.jpg?stp=dst-jpg_e0_s150x150_tt6&efg=eyJ2ZW5jb2RlX3RhZyI6InByb2ZpbGVfcGljLmRqYW5nby4xMDgwLmMyIn0&_nc_ht=scontent-sea5-1.cdninstagram.com&_nc_cat=107&_nc_oc=Q6cZ2QFo4pvtf7Er9DYyo1zHq3O7ODif8IM2osKO9uHZu_AaTzXfOdCVBRsZ4CD2x5zIfWM&_nc_ohc=Sq2Bl9uDuGYQ7kNvwE4occf&_nc_gid=lowzQOTrn-1DArc3bMf-fQ&edm=APGXKFABAAAA&ccb=7-5&ig_cache_key=GOR9XxyLLDrCQ3UGAOVqmPvodWdrbkULAAAB-ccb7-5&oh=00_AfbSB83YzHGQWRsoN7VUumZPGXknUU4lb2N1R29O0ykFdg&oe=68BE2F4D&_nc_sid=a8b8e2', 'profile_pic_url_hd': None, 'username': 'prof.andremacedo'}, {'full_name': 'Chico Lucas', 'id': '2144060776', 'is_private': False, 'is_verified': True, 'profile_pic_url': 'https://scontent-sea5-1.cdninstagram.com/v/t51.2885-19/494535704_18471316708068777_9182845318797517686_n.jpg?stp=dst-jpg_e0_s150x150_tt6&efg=eyJ2ZW5jb2RlX3RhZyI6InByb2ZpbGVfcGljLmRqYW5nby44MjguYzIifQ&_nc_ht=scontent-sea5-1.cdninstagram.com&_nc_cat=109&_nc_oc=Q6cZ2QFo4pvtf7Er9DYyo1zHq3O7ODif8IM2osKO9uHZu_AaTzXfOdCVBRsZ4CD2x5zIfWM&_nc_ohc=UY9WlZjbi7MQ7kNvwGQp0S2&_nc_gid=lowzQOTrn-1DArc3bMf-fQ&edm=APGXKFABAAAA&ccb=7-5&ig_cache_key=GBgEeh2pDeuOkJ9BAHbjSCYqBXB-bvEnAQAB-ccb7-5&oh=00_AfYoeTqHU9BgHZ3HAwnyiqE_Uv44ln6PHaVwl-U2Pa0Keg&oe=68BE2A30&_nc_sid=a8b8e2', 'profile_pic_url_hd': None, 'username': 'chicolucas_'}, {'full_name': 'Secretaria de SegurancÃßa P√∫blica do Piau√≠', 'id': '22980683539', 'is_private': False, 'is_verified': False, 'profile_pic_url': 'https://scontent-sea1-1.cdninstagram.com/v/t51.2885-19/333307221_1674591663003936_5658706492769914874_n.jpg?stp=dst-jpg_e0_s150x150_tt6&efg=eyJ2ZW5jb2RlX3RhZyI6InByb2ZpbGVfcGljLmRqYW5nby4xMDgwLmMyIn0&_nc_ht=scontent-sea1-1.cdninstagram.com&_nc_cat=100&_nc_oc=Q6cZ2QFo4pvtf7Er9DYyo1zHq3O7ODif8IM2osKO9uHZu_AaTzXfOdCVBRsZ4CD2x5zIfWM&_nc_ohc=uLCcNhfPLFgQ7kNvwGjFdBu&_nc_gid=lowzQOTrn-1DArc3bMf-fQ&edm=APGXKFABAAAA&ccb=7-5&ig_cache_key=GFXd3RMgmTdBCPMFAPpPv-WSw4dObkULAAAB-ccb7-5&oh=00_AfYO4H5nQlntJqlqjkpDHcLqB2ix0cFIwDRkknWGF3kJaA&oe=68BE1972&_nc_sid=a8b8e2', 'profile_pic_url_hd': None, 'username': 'ssppiaui'}, {'full_name': 'Isabel Fonteles', 'id': '29841988', 'is_private': False, 'is_verified': True, 'profile_pic_url': 'https://scontent-sea5-1.cdninstagram.com/v/t51.2885-19/313980205_825662235345117_920417925082964950_n.jpg?stp=dst-jpg_e0_s150x150_tt6&efg=eyJ2ZW5jb2RlX3RhZyI6InByb2ZpbGVfcGljLmRqYW5nby41NTUuYzIifQ&_nc_ht=scontent-sea5-1.cdninstagram.com&_nc_cat=109&_nc_oc=Q6cZ2QFo4pvtf7Er9DYyo1zHq3O7ODif8IM2osKO9uHZu_AaTzXfOdCVBRsZ4CD2x5zIfWM&_nc_ohc=AB9xBTxyMCUQ7kNvwE4DrGh&_nc_gid=lowzQOTrn-1DArc3bMf-fQ&edm=APGXKFABAAAA&ccb=7-5&ig_cache_key=GC31thLdAD547_4CANbjeO05_8UMbkULAAAB-ccb7-5&oh=00_AfZ7rOY--rqzIuvwiIkkaSE7QLnP-iC2mYw5ALyBVBI7mw&oe=68BE2612&_nc_sid=a8b8e2', 'profile_pic_url_hd': None, 'username': 'isabel_fonteles'}, {'full_name': 'Samuel Nascimento', 'id': '4566675', 'is_private': False, 'is_verified': True, 'profile_pic_url': 'https://scontent-sea1-1.cdninstagram.com/v/t51.2885-19/474474677_624904160213620_8660986289870785842_n.jpg?stp=dst-jpg_e0_s150x150_tt6&efg=eyJ2ZW5jb2RlX3RhZyI6InByb2ZpbGVfcGljLmRqYW5nby4xMDgwLmMyIn0&_nc_ht=scontent-sea1-1.cdninstagram.com&_nc_cat=104&_nc_oc=Q6cZ2QFo4pvtf7Er9DYyo1zHq3O7ODif8IM2osKO9uHZu_AaTzXfOdCVBRsZ4CD2x5zIfWM&_nc_ohc=X2J7IE5Mlb0Q7kNvwFrO8Qt&_nc_gid=lowzQOTrn-1DArc3bMf-fQ&edm=APGXKFABAAAA&ccb=7-5&ig_cache_key=GLXoRxx0_nzWWDgCADLNRowkATJ4bkULAAAB-ccb7-5&oh=00_AfYh01q82dttgOxfMsg6d7e_tVldsKTvEoIGVBxgyoGplg&oe=68BE118C&_nc_sid=a8b8e2', 'profile_pic_url_hd': None, 'username': 'samuelpontespi'}, {'full_name': 'Rafael Fonteles', 'id': '45680806938', 'is_private': False, 'is_verified': True, 'profile_pic_url': 'https://scontent-sea5-1.cdninstagram.com/v/t51.2885-19/313931950_185402640727342_3451729107366109729_n.jpg?stp=dst-jpg_e0_s150x150_tt6&efg=eyJ2ZW5jb2RlX3RhZyI6InByb2ZpbGVfcGljLmRqYW5nby40MDcuYzIifQ&_nc_ht=scontent-sea5-1.cdninstagram.com&_nc_cat=110&_nc_oc=Q6cZ2QFo4pvtf7Er9DYyo1zHq3O7ODif8IM2osKO9uHZu_AaTzXfOdCVBRsZ4CD2x5zIfWM&_nc_ohc=FbUkDxCAoVgQ7kNvwGr9EBy&_nc_gid=lowzQOTrn-1DArc3bMf-fQ&edm=APGXKFABAAAA&ccb=7-5&ig_cache_key=GK44thIufYpqn6gAACHibslVAecvbkULAAAB-ccb7-5&oh=00_AfY9z2qUw1NAwNTHMSblduROmy9hHLYJLTsvi4jUN5EYHw&oe=68BE121E&_nc_sid=a8b8e2', 'profile_pic_url_hd': None, 'username': 'rafael.fonteles'}, {'full_name': 'Sec. de IA, Economia Digital, Ci√™ncia, Tecnologia e Inova√ß√£o', 'id': '67089963957', 'is_private': False, 'is_verified': False, 'profile_pic_url': 'https://scontent-sea5-1.cdninstagram.com/v/t51.2885-19/465971814_1099705271539827_5999879887919060991_n.jpg?stp=dst-jpg_e0_s150x150_tt6&efg=eyJ2ZW5jb2RlX3RhZyI6InByb2ZpbGVfcGljLmRqYW5nby42ODQuYzIifQ&_nc_ht=scontent-sea5-1.cdninstagram.com&_nc_cat=103&_nc_oc=Q6cZ2QFo4pvtf7Er9DYyo1zHq3O7ODif8IM2osKO9uHZu_AaTzXfOdCVBRsZ4CD2x5zIfWM&_nc_ohc=EHUQphoa914Q7kNvwFBydL_&_nc_gid=lowzQOTrn-1DArc3bMf-fQ&edm=APGXKFABAAAA&ccb=7-5&ig_cache_key=GGYqxhtzWBEWLegDAP8XbSb42kNTbkULAAAB-ccb7-5&oh=00_AfaU738c8QejquSJf8gzmjZDJKA-mlcSbD7c0SBFJbiAvQ&oe=68BE0DF7&_nc_sid=a8b8e2', 'profile_pic_url_hd': None, 'username': 'sia.piaui'}, {'full_name': 'Sead Piau√≠', 'id': '7480687368', 'is_private': False, 'is_verified': False, 'profile_pic_url': 'https://scontent-sea5-1.cdninstagram.com/v/t51.2885-19/442419276_1120606765812403_6780265994530713598_n.jpg?stp=dst-jpg_e0_s150x150_tt6&efg=eyJ2ZW5jb2RlX3RhZyI6InByb2ZpbGVfcGljLmRqYW5nby4xMDAwLmMyIn0&_nc_ht=scontent-sea5-1.cdninstagram.com&_nc_cat=107&_nc_oc=Q6cZ2QFo4pvtf7Er9DYyo1zHq3O7ODif8IM2osKO9uHZu_AaTzXfOdCVBRsZ4CD2x5zIfWM&_nc_ohc=punxIPPzXv0Q7kNvwFeuA95&_nc_gid=lowzQOTrn-1DArc3bMf-fQ&edm=APGXKFABAAAA&ccb=7-5&ig_cache_key=GEzIXhqzijWYL-sDAP7vqab-VxhebkULAAAB-ccb7-5&oh=00_AfbB1kR170HaHkD4SZ6EGd1O80vOOjdG5xkMLKIE0CpR2w&oe=68BE2B98&_nc_sid=a8b8e2', 'profile_pic_url_hd': None, 'username': 'sead.pi'}]",Positivo
https://www.instagram.com/p/DNE0ncJsBZE/,"J√° est√° tudo pronto para o segundo dia do 1¬∫ Semin√°rio Estadual de Compras P√∫blicas para Inova√ß√£o! 

A programa√ß√£o continua com pain√©is e palestras que aprofundam a discuss√£o sobre como modernizar as contrata√ß√µes p√∫blicas e fortalecer o ecossistema de inova√ß√£o do Piau√≠.

N√£o vai perder!",2025-08-08T01:19:33.000Z,55.0,0,sead.pi,"[{'full_name': 'Governo do PiauiÃÅ', 'id': '1260145191', 'is_private': False, 'is_verified': True, 'profile_pic_url': 'https://scontent-sea1-1.cdninstagram.com/v/t51.2885-19/539303276_18525291124049192_3252641783862054530_n.jpg?stp=dst-jpg_e0_s150x150_tt6&efg=eyJ2ZW5jb2RlX3RhZyI6InByb2ZpbGVfcGljLmRqYW5nby4xMDAwLmMyIn0&_nc_ht=scontent-sea1-1.cdninstagram.com&_nc_cat=108&_nc_oc=Q6cZ2QFo4pvtf7Er9DYyo1zHq3O7ODif8IM2osKO9uHZu_AaTzXfOdCVBRsZ4CD2x5zIfWM&_nc_ohc=CMN01pf6PBMQ7kNvwERVC-W&_nc_gid=lowzQOTrn-1DArc3bMf-fQ&edm=APGXKFABAAAA&ccb=7-5&ig_cache_key=GGwdJSAoRc90p9BBAILOsBx4tCMtbmNDAQAB-ccb7-5&oh=00_AfZ8MRWBMEsfyTdBUBvzYaGIgGRqwgCqFHPKviYEBRRnAA&oe=68BE05B3&_nc_sid=a8b8e2', 'profile_pic_url_hd': None, 'username': 'governodopiaui'}, {'full_name': 'Sec. de IA, Economia Digital, Ci√™ncia, Tecnologia e Inova√ß√£o', 'id': '67089963957', 'is_private': False, 'is_verified': False, 'profile_pic_url': 'https://scontent-sea5-1.cdninstagram.com/v/t51.2885-19/465971814_1099705271539827_5999879887919060991_n.jpg?stp=dst-jpg_e0_s150x150_tt6&efg=eyJ2ZW5jb2RlX3RhZyI6InByb2ZpbGVfcGljLmRqYW5nby42ODQuYzIifQ&_nc_ht=scontent-sea5-1.cdninstagram.com&_nc_cat=103&_nc_oc=Q6cZ2QFo4pvtf7Er9DYyo1zHq3O7ODif8IM2osKO9uHZu_AaTzXfOdCVBRsZ4CD2x5zIfWM&_nc_ohc=EHUQphoa914Q7kNvwFBydL_&_nc_gid=lowzQOTrn-1DArc3bMf-fQ&edm=APGXKFABAAAA&ccb=7-5&ig_cache_key=GGYqxhtzWBEWLegDAP8XbSb42kNTbkULAAAB-ccb7-5&oh=00_AfaU738c8QejquSJf8gzmjZDJKA-mlcSbD7c0SBFJbiAvQ&oe=68BE0DF7&_nc_sid=a8b8e2', 'profile_pic_url_hd': None, 'username': 'sia.piaui'}]",Positivo
https://www.instagram.com/p/DNEt9ahMEOR/,"Sucesso total no primeiro dia do 1¬∫ Semin√°rio Estadual de Compras P√∫blicas para Inova√ß√£o! 

O evento, fruto da parceria entre Sead, SIA e ABDI, est√° promovendo discuss√µes essenciais para modernizar o servi√ßo p√∫blico e aproximar o governo de solu√ß√µes inovadoras. 

Acompanhe a nossa cobertura, pois amanh√£ tem mais novidades por aqui.",2025-08-08T00:21:51.000Z,113.0,6,sead.pi,"[{'full_name': 'Governo do PiauiÃÅ', 'id': '1260145191', 'is_private': False, 'is_verified': True, 'profile_pic_url': 'https://scontent-sea1-1.cdninstagram.com/v/t51.2885-19/539303276_18525291124049192_3252641783862054530_n.jpg?stp=dst-jpg_e0_s150x150_tt6&efg=eyJ2ZW5jb2RlX3RhZyI6InByb2ZpbGVfcGljLmRqYW5nby4xMDAwLmMyIn0&_nc_ht=scontent-sea1-1.cdninstagram.com&_nc_cat=108&_nc_oc=Q6cZ2QFo4pvtf7Er9DYyo1zHq3O7ODif8IM2osKO9uHZu_AaTzXfOdCVBRsZ4CD2x5zIfWM&_nc_ohc=CMN01pf6PBMQ7kNvwERVC-W&_nc_gid=lowzQOTrn-1DArc3bMf-fQ&edm=APGXKFABAAAA&ccb=7-5&ig_cache_key=GGwdJSAoRc90p9BBAILOsBx4tCMtbmNDAQAB-ccb7-5&oh=00_AfZ8MRWBMEsfyTdBUBvzYaGIgGRqwgCqFHPKviYEBRRnAA&oe=68BE05B3&_nc_sid=a8b8e2', 'profile_pic_url_hd': None, 'username': 'governodopiaui'}, {'full_name': 'Sec. de IA, Economia Digital, Ci√™ncia, Tecnologia e Inova√ß√£o', 'id': '67089963957', 'is_private': False, 'is_verified': False, 'profile_pic_url': 'https://scontent-sea5-1.cdninstagram.com/v/t51.2885-19/465971814_1099705271539827_5999879887919060991_n.jpg?stp=dst-jpg_e0_s150x150_tt6&efg=eyJ2ZW5jb2RlX3RhZyI6InByb2ZpbGVfcGljLmRqYW5nby42ODQuYzIifQ&_nc_ht=scontent-sea5-1.cdninstagram.com&_nc_cat=103&_nc_oc=Q6cZ2QFo4pvtf7Er9DYyo1zHq3O7ODif8IM2osKO9uHZu_AaTzXfOdCVBRsZ4CD2x5zIfWM&_nc_ohc=EHUQphoa914Q7kNvwFBydL_&_nc_gid=lowzQOTrn-1DArc3bMf-fQ&edm=APGXKFABAAAA&ccb=7-5&ig_cache_key=GGYqxhtzWBEWLegDAP8XbSb42kNTbkULAAAB-ccb7-5&oh=00_AfaU738c8QejquSJf8gzmjZDJKA-mlcSbD7c0SBFJbiAvQ&oe=68BE0DF7&_nc_sid=a8b8e2', 'profile_pic_url_hd': None, 'username': 'sia.piaui'}, {'full_name': 'Ag√™ncia Brasileira de Desenvolvimento Industrial', 'id': '8430430276', 'is_private': False, 'is_verified': True, 'profile_pic_url': 'https://scontent-sea5-1.cdninstagram.com/v/t51.2885-19/472620128_3927063827516647_6795838363427540671_n.jpg?stp=dst-jpg_e0_s150x150_tt6&efg=eyJ2ZW5jb2RlX3RhZyI6InByb2ZpbGVfcGljLmRqYW5nby4xMDgwLmMyIn0&_nc_ht=scontent-sea5-1.cdninstagram.com&_nc_cat=107&_nc_oc=Q6cZ2QFo4pvtf7Er9DYyo1zHq3O7ODif8IM2osKO9uHZu_AaTzXfOdCVBRsZ4CD2x5zIfWM&_nc_ohc=KxRMTXlK3ZQQ7kNvwHJ43o6&_nc_gid=lowzQOTrn-1DArc3bMf-fQ&edm=APGXKFABAAAA&ccb=7-5&ig_cache_key=GGCcKxznDHPMpPMNAL8OElP8qk9ebkULAAAB-ccb7-5&oh=00_AfbwT1o-TDMvaB5vv9wd9W2H8Ayggt4p7cIR0BoI24H69Q&oe=68BE111B&_nc_sid=a8b8e2', 'profile_pic_url_hd': None, 'username': 'abdi.digital'}]",Positivo
https://www.instagram.com/p/DNEqOO8guN8/,"#Repost @etipi.pi e @sia.piaui 

üèÜ Piau√≠ √© o estado mais digital do Brasil! üíª‚ú®

Durante o SECOP 2025, em Bras√≠lia, o Piau√≠ conquistou o 1¬∫ lugar no √çndice ABEP-TIC de Oferta de Servi√ßos P√∫blicos Digitais (IOSPD), sendo reconhecido como refer√™ncia nacional em transforma√ß√£o digital. üì≤

E tem mais: tamb√©m ficamos com a 3¬™ coloca√ß√£o na categoria ‚ÄòInova√ß√£o na Oferta de Servi√ßos Digitais‚Äô! üöÄ

Mais que um reconhecimento, √© o reflexo de um estado que investe em tecnologia para melhorar a vida das pessoas.",2025-08-07T23:50:49.000Z,73.0,4,marcelo.nolleto,"[{'full_name': 'Empresa de Tecnologia da Informa√ß√£o do Estado do Piau√≠', 'id': '2224623352', 'is_private': False, 'is_verified': False, 'profile_pic_url': 'https://scontent-sea1-1.cdninstagram.com/v/t51.2885-19/539829566_18475500100079353_3721530724508928730_n.jpg?stp=dst-jpg_e0_s150x150_tt6&efg=eyJ2ZW5jb2RlX3RhZyI6InByb2ZpbGVfcGljLmRqYW5nby4xMDgwLmMyIn0&_nc_ht=scontent-sea1-1.cdninstagram.com&_nc_cat=101&_nc_oc=Q6cZ2QFo4pvtf7Er9DYyo1zHq3O7ODif8IM2osKO9uHZu_AaTzXfOdCVBRsZ4CD2x5zIfWM&_nc_ohc=dH-AWR3xFggQ7kNvwG1opFs&_nc_gid=lowzQOTrn-1DArc3bMf-fQ&edm=APGXKFABAAAA&ccb=7-5&ig_cache_key=GD4lLSD5ToOUXqNBANqKDvd5iKUzbmNDAQAB-ccb7-5&oh=00_AfbKyjDDOXzsdwQzZL2A0z6WWfWEwRjk3YDcUQHzoNZryQ&oe=68BE12CB&_nc_sid=a8b8e2', 'profile_pic_url_hd': None, 'username': 'etipi.pi'}, {'full_name': 'Sec. de IA, Economia Digital, Ci√™ncia, Tecnologia e Inova√ß√£o', 'id': '67089963957', 'is_private': False, 'is_verified': False, 'profile_pic_url': 'https://scontent-sea5-1.cdninstagram.com/v/t51.2885-19/465971814_1099705271539827_5999879887919060991_n.jpg?stp=dst-jpg_e0_s150x150_tt6&efg=eyJ2ZW5jb2RlX3RhZyI6InByb2ZpbGVfcGljLmRqYW5nby42ODQuYzIifQ&_nc_ht=scontent-sea5-1.cdninstagram.com&_nc_cat=103&_nc_oc=Q6cZ2QFo4pvtf7Er9DYyo1zHq3O7ODif8IM2osKO9uHZu_AaTzXfOdCVBRsZ4CD2x5zIfWM&_nc_ohc=EHUQphoa914Q7kNvwFBydL_&_nc_gid=lowzQOTrn-1DArc3bMf-fQ&edm=APGXKFABAAAA&ccb=7-5&ig_cache_key=GGYqxhtzWBEWLegDAP8XbSb42kNTbkULAAAB-ccb7-5&oh=00_AfaU738c8QejquSJf8gzmjZDJKA-mlcSbD7c0SBFJbiAvQ&oe=68BE0DF7&_nc_sid=a8b8e2', 'profile_pic_url_hd': None, 'username': 'sia.piaui'}]",Positivo
https://www.instagram.com/p/DNEmFtmxgxI/,"üèÜ Piau√≠ √© o estado mais digital do Brasil! üíª‚ú®

Durante o SECOP 2025, em Bras√≠lia, o Piau√≠ conquistou o 1¬∫ lugar no √çndice ABEP-TIC de Oferta de Servi√ßos P√∫blicos Digitais (IOSPD), sendo reconhecido como refer√™ncia nacional em transforma√ß√£o digital. üì≤

E tem mais: tamb√©m ficamos com a 3¬™ coloca√ß√£o na categoria ‚ÄòInova√ß√£o na Oferta de Servi√ßos Digitais‚Äô! üöÄ

Mais que um reconhecimento, √© o reflexo de um estado que investe em tecnologia para melhorar a vida das pessoas.",2025-08-07T23:16:17.000Z,1182.0,120,etipi.pi,"[{'full_name': 'Governo do PiauiÃÅ', 'id': '1260145191', 'is_private': False, 'is_verified': True, 'profile_pic_url': 'https://scontent-sea1-1.cdninstagram.com/v/t51.2885-19/539303276_18525291124049192_3252641783862054530_n.jpg?stp=dst-jpg_e0_s150x150_tt6&efg=eyJ2ZW5jb2RlX3RhZyI6InByb2ZpbGVfcGljLmRqYW5nby4xMDAwLmMyIn0&_nc_ht=scontent-sea1-1.cdninstagram.com&_nc_cat=108&_nc_oc=Q6cZ2QFo4pvtf7Er9DYyo1zHq3O7ODif8IM2osKO9uHZu_AaTzXfOdCVBRsZ4CD2x5zIfWM&_nc_ohc=CMN01pf6PBMQ7kNvwERVC-W&_nc_gid=lowzQOTrn-1DArc3bMf-fQ&edm=APGXKFABAAAA&ccb=7-5&ig_cache_key=GGwdJSAoRc90p9BBAILOsBx4tCMtbmNDAQAB-ccb7-5&oh=00_AfZ8MRWBMEsfyTdBUBvzYaGIgGRqwgCqFHPKviYEBRRnAA&oe=68BE05B3&_nc_sid=a8b8e2', 'profile_pic_url_hd': None, 'username': 'governodopiaui'}, {'full_name': 'Prof. Andr√© Macedo', 'id': '210324743', 'is_private': False, 'is_verified': False, 'profile_pic_url': 'https://scontent-sea5-1.cdninstagram.com/v/t51.2885-19/476020196_1817783742114955_7739284128173419237_n.jpg?stp=dst-jpg_e0_s150x150_tt6&efg=eyJ2ZW5jb2RlX3RhZyI6InByb2ZpbGVfcGljLmRqYW5nby4xMDgwLmMyIn0&_nc_ht=scontent-sea5-1.cdninstagram.com&_nc_cat=107&_nc_oc=Q6cZ2QFo4pvtf7Er9DYyo1zHq3O7ODif8IM2osKO9uHZu_AaTzXfOdCVBRsZ4CD2x5zIfWM&_nc_ohc=Sq2Bl9uDuGYQ7kNvwE4occf&_nc_gid=lowzQOTrn-1DArc3bMf-fQ&edm=APGXKFABAAAA&ccb=7-5&ig_cache_key=GOR9XxyLLDrCQ3UGAOVqmPvodWdrbkULAAAB-ccb7-5&oh=00_AfbSB83YzHGQWRsoN7VUumZPGXknUU4lb2N1R29O0ykFdg&oe=68BE2F4D&_nc_sid=a8b8e2', 'profile_pic_url_hd': None, 'username': 'prof.andremacedo'}, {'full_name': 'Samuel Nascimento', 'id': '4566675', 'is_private': False, 'is_verified': True, 'profile_pic_url': 'https://scontent-sea1-1.cdninstagram.com/v/t51.2885-19/474474677_624904160213620_8660986289870785842_n.jpg?stp=dst-jpg_e0_s150x150_tt6&efg=eyJ2ZW5jb2RlX3RhZyI6InByb2ZpbGVfcGljLmRqYW5nby4xMDgwLmMyIn0&_nc_ht=scontent-sea1-1.cdninstagram.com&_nc_cat=104&_nc_oc=Q6cZ2QFo4pvtf7Er9DYyo1zHq3O7ODif8IM2osKO9uHZu_AaTzXfOdCVBRsZ4CD2x5zIfWM&_nc_ohc=X2J7IE5Mlb0Q7kNvwFrO8Qt&_nc_gid=lowzQOTrn-1DArc3bMf-fQ&edm=APGXKFABAAAA&ccb=7-5&ig_cache_key=GLXoRxx0_nzWWDgCADLNRowkATJ4bkULAAAB-ccb7-5&oh=00_AfYh01q82dttgOxfMsg6d7e_tVldsKTvEoIGVBxgyoGplg&oe=68BE118C&_nc_sid=a8b8e2', 'profile_pic_url_hd': None, 'username': 'samuelpontespi'}, {'full_name': 'Rafael Fonteles', 'id': '45680806938', 'is_private': False, 'is_verified': True, 'profile_pic_url': 'https://scontent-sea5-1.cdninstagram.com/v/t51.2885-19/313931950_185402640727342_3451729107366109729_n.jpg?stp=dst-jpg_e0_s150x150_tt6&efg=eyJ2ZW5jb2RlX3RhZyI6InByb2ZpbGVfcGljLmRqYW5nby40MDcuYzIifQ&_nc_ht=scontent-sea5-1.cdninstagram.com&_nc_cat=110&_nc_oc=Q6cZ2QFo4pvtf7Er9DYyo1zHq3O7ODif8IM2osKO9uHZu_AaTzXfOdCVBRsZ4CD2x5zIfWM&_nc_ohc=FbUkDxCAoVgQ7kNvwGr9EBy&_nc_gid=lowzQOTrn-1DArc3bMf-fQ&edm=APGXKFABAAAA&ccb=7-5&ig_cache_key=GK44thIufYpqn6gAACHibslVAecvbkULAAAB-ccb7-5&oh=00_AfY9z2qUw1NAwNTHMSblduROmy9hHLYJLTsvi4jUN5EYHw&oe=68BE121E&_nc_sid=a8b8e2', 'profile_pic_url_hd': None, 'username': 'rafael.fonteles'}, {'full_name': 'Ellen Gera | Tecnologia e Gest√£o P√∫blica', 'id': '655972349', 'is_private': False, 'is_verified': False, 'profile_pic_url': 'https://scontent-sea5-1.cdninstagram.com/v/t51.2885-19/475347081_1776788373143597_8266029245934157948_n.jpg?stp=dst-jpg_e0_s150x150_tt6&efg=eyJ2ZW5jb2RlX3RhZyI6InByb2ZpbGVfcGljLmRqYW5nby4xMDc5LmMyIn0&_nc_ht=scontent-sea5-1.cdninstagram.com&_nc_cat=105&_nc_oc=Q6cZ2QFo4pvtf7Er9DYyo1zHq3O7ODif8IM2osKO9uHZu_AaTzXfOdCVBRsZ4CD2x5zIfWM&_nc_ohc=FMTYu67Xj6gQ7kNvwHalQLq&_nc_gid=lowzQOTrn-1DArc3bMf-fQ&edm=APGXKFABAAAA&ccb=7-5&ig_cache_key=GIk4VRwtgNLH_k8GAHxA5crN1bZybkULAAAB-ccb7-5&oh=00_AfY71vQJQ72_19hsOxbhlao0zgxvyfBNrsv7W3qp0MDdLg&oe=68BE0A05&_nc_sid=a8b8e2', 'profile_pic_url_hd': None, 'username': 'ellengera'}, {'full_name': 'Sec. de IA, Economia Digital, Ci√™ncia, Tecnologia e Inova√ß√£o', 'id': '67089963957', 'is_private': False, 'is_verified': False, 'profile_pic_url': 'https://scontent-sea5-1.cdninstagram.com/v/t51.2885-19/465971814_1099705271539827_5999879887919060991_n.jpg?stp=dst-jpg_e0_s150x150_tt6&efg=eyJ2ZW5jb2RlX3RhZyI6InByb2ZpbGVfcGljLmRqYW5nby42ODQuYzIifQ&_nc_ht=scontent-sea5-1.cdninstagram.com&_nc_cat=103&_nc_oc=Q6cZ2QFo4pvtf7Er9DYyo1zHq3O7ODif8IM2osKO9uHZu_AaTzXfOdCVBRsZ4CD2x5zIfWM&_nc_ohc=EHUQphoa914Q7kNvwFBydL_&_nc_gid=lowzQOTrn-1DArc3bMf-fQ&edm=APGXKFABAAAA&ccb=7-5&ig_cache_key=GGYqxhtzWBEWLegDAP8XbSb42kNTbkULAAAB-ccb7-5&oh=00_AfaU738c8QejquSJf8gzmjZDJKA-mlcSbD7c0SBFJbiAvQ&oe=68BE0DF7&_nc_sid=a8b8e2', 'profile_pic_url_hd': None, 'username': 'sia.piaui'}, {'full_name': 'Sead Piau√≠', 'id': '7480687368', 'is_private': False, 'is_verified': False, 'profile_pic_url': 'https://scontent-sea5-1.cdninstagram.com/v/t51.2885-19/442419276_1120606765812403_6780265994530713598_n.jpg?stp=dst-jpg_e0_s150x150_tt6&efg=eyJ2ZW5jb2RlX3RhZyI6InByb2ZpbGVfcGljLmRqYW5nby4xMDAwLmMyIn0&_nc_ht=scontent-sea5-1.cdninstagram.com&_nc_cat=107&_nc_oc=Q6cZ2QFo4pvtf7Er9DYyo1zHq3O7ODif8IM2osKO9uHZu_AaTzXfOdCVBRsZ4CD2x5zIfWM&_nc_ohc=punxIPPzXv0Q7kNvwFeuA95&_nc_gid=lowzQOTrn-1DArc3bMf-fQ&edm=APGXKFABAAAA&ccb=7-5&ig_cache_key=GEzIXhqzijWYL-sDAP7vqab-VxhebkULAAAB-ccb7-5&oh=00_AfbB1kR170HaHkD4SZ6EGd1O80vOOjdG5xkMLKIE0CpR2w&oe=68BE2B98&_nc_sid=a8b8e2', 'profile_pic_url_hd': None, 'username': 'sead.pi'}]",Positivo
https://www.instagram.com/p/DND-q44MdAb/,"Piau√≠ na vanguarda da inova√ß√£o! 

J√° come√ßou o 1¬∫ Semin√°rio Estadual de Compras P√∫blicas para Inova√ß√£o, promovendo a articula√ß√£o entre governo, setor produtivo e pesquisa. O evento √© uma parceria entre a Sead, a Sia e a ABDI.

Durante a abertura foram lan√ßados o edital do Hackathon de Compras P√∫blicas por Inova√ß√£o e do programa Contrata MEI. Tamb√©m foi assinado o termo de ades√£o do Contrata+Brasil.

At√© amanh√£, gestores, startups e institui√ß√µes de controle estar√£o no Sebrae para discutir modelos mais eficazes, alinhados com a transforma√ß√£o digital e social.",2025-08-07T17:28:10.000Z,176.0,9,sead.pi,"[{'full_name': 'Governo do PiauiÃÅ', 'id': '1260145191', 'is_private': False, 'is_verified': True, 'profile_pic_url': 'https://scontent-sea1-1.cdninstagram.com/v/t51.2885-19/539303276_18525291124049192_3252641783862054530_n.jpg?stp=dst-jpg_e0_s150x150_tt6&efg=eyJ2ZW5jb2RlX3RhZyI6InByb2ZpbGVfcGljLmRqYW5nby4xMDAwLmMyIn0&_nc_ht=scontent-sea1-1.cdninstagram.com&_nc_cat=108&_nc_oc=Q6cZ2QFo4pvtf7Er9DYyo1zHq3O7ODif8IM2osKO9uHZu_AaTzXfOdCVBRsZ4CD2x5zIfWM&_nc_ohc=CMN01pf6PBMQ7kNvwERVC-W&_nc_gid=lowzQOTrn-1DArc3bMf-fQ&edm=APGXKFABAAAA&ccb=7-5&ig_cache_key=GGwdJSAoRc90p9BBAILOsBx4tCMtbmNDAQAB-ccb7-5&oh=00_AfZ8MRWBMEsfyTdBUBvzYaGIgGRqwgCqFHPKviYEBRRnAA&oe=68BE05B3&_nc_sid=a8b8e2', 'profile_pic_url_hd': None, 'username': 'governodopiaui'}, {'full_name': 'Sec. de IA, Economia Digital, Ci√™ncia, Tecnologia e Inova√ß√£o', 'id': '67089963957', 'is_private': False, 'is_verified': False, 'profile_pic_url': 'https://scontent-sea5-1.cdninstagram.com/v/t51.2885-19/465971814_1099705271539827_5999879887919060991_n.jpg?stp=dst-jpg_e0_s150x150_tt6&efg=eyJ2ZW5jb2RlX3RhZyI6InByb2ZpbGVfcGljLmRqYW5nby42ODQuYzIifQ&_nc_ht=scontent-sea5-1.cdninstagram.com&_nc_cat=103&_nc_oc=Q6cZ2QFo4pvtf7Er9DYyo1zHq3O7ODif8IM2osKO9uHZu_AaTzXfOdCVBRsZ4CD2x5zIfWM&_nc_ohc=EHUQphoa914Q7kNvwFBydL_&_nc_gid=lowzQOTrn-1DArc3bMf-fQ&edm=APGXKFABAAAA&ccb=7-5&ig_cache_key=GGYqxhtzWBEWLegDAP8XbSb42kNTbkULAAAB-ccb7-5&oh=00_AfaU738c8QejquSJf8gzmjZDJKA-mlcSbD7c0SBFJbiAvQ&oe=68BE0DF7&_nc_sid=a8b8e2', 'profile_pic_url_hd': None, 'username': 'sia.piaui'}]",Positivo
